"Name","Price","Material 1","Amount","Material 2","Amount","Material 3","Amount","Material 4","Amount","Defense","Fire Res","Thunder Res","Dragon Res","Water Res","Ice Res","Gender","Hunter Type","Rarity","HR","Elder*","Slots","Skill 1","Skill Point","Skill 2","Skill Point","Skill 3","Skill Point","Skill 4","Skill Point","Skill 5","Skill Point"
,,,,,,,,,,,,,,,,,,,,,,,,,,,,,,,
"Leather Vambraces","150z","Sm Monster Bone",1,"Kelbi Hide",1,,,,,1,2,0,0,0,150,"Male/Female","Blade/Gunner",1,1,1,"---","Throw",5,"Whim",2,"Backpackng",4,,,,
"Chain Vambraces","300z","Iron Ore",2,"Sm Monster Bone",3,,,,,2,2,-2,0,2,300,"Male/Female","Blade/Gunner",1,1,1,"---","Gathering",2,"Alchemy",4,"Defense",5,,,,
"Hunter's Vambraces","450z","Iron Ore",2,"Bullfango Pelt",1,"Ivy",2,,,4,0,-4,0,0,450,"Male/Female","Blade",1,1,1,"---","Fishing",4,"WideEffect",2,"Backpackng",3,"Hunger",-2,,
"Hunter's Guards","450z","Iron Ore",2,"Bullfango Pelt",1,"Ivy",2,,,3,2,-2,0,2,450,"Male/Female","Gunner",1,1,1,"---","Fishing",4,"WideEffect",2,"Backpackng",3,"Hunger",-2,,
"Velociprey Vambraces","750z","Velociprey Scale",1,"Iron Ore",1,"Kut-Ku Scale",1,,,8,1,1,-1,1,750,"Male/Female","Blade",2,1,1,"---","Faint",5,"Health",6,,,,,,
"Velociprey Guards","750z","Velociprey Scale",1,"Iron Ore",1,"Kut-Ku Scale",1,,,4,3,3,0,3,750,"Male/Female","Gunner",2,1,1,"---","Faint",5,"Health",6,,,,,,
"Genprey Vambraces","1350z","Genprey Fang",5,"Genprey Scale",4,"Iron Ore",2,"Kut-Ku Scale",1,11,2,3,-1,-2,1350,"Male/Female","Blade",2,1,1,"---","Paralysis",5,"ThunderRes",4,"Water Res",-2,,,,
"Genprey Guards","1350z","Genprey Fang",5,"Genprey Scale",4,"Iron Ore",2,"Kut-Ku Scale",1,6,4,5,0,0,1350,"Male/Female","Gunner",2,1,1,"---","Paralysis",5,"ThunderRes",4,"Water Res",-2,,,,
"Ioprey Vambraces","1950z","Ioprey Fang",5,"Ioprey Scale",5,"Monster Fluid",2,"Disk Stone",1,13,3,-2,-1,2,1950,"Male/Female","Blade",2,1,1,"---","Poison",5,"ThunderRes",2,"Paralysis",2,"Water Res",-2,,
"Ioprey Guards","1950z","Ioprey Fang",5,"Ioprey Scale",5,"Monster Fluid",2,"Iron Ore",1,7,5,0,0,4,1950,"Male/Female","Gunner",2,1,1,"---","Poison",5,"ThunderRes",2,"Paralysis",2,"Water Res",-2,,
"Rathian Vambraces","3350z","Rathian Scale",3,"Rathian Shell",3,"Machalite Ore",2,"Lg Monster Bone",1,16,2,-2,-4,0,3350,"Male/Female","Blade",3,1,1,"---","Health",5,"Fate",2,"Worry",-4,,,,
"Rathian Guards","3350z","Rathian Scale",3,"Rathian Shell",3,"Machalite Ore",2,"Lg Monster Bone",1,8,4,0,-2,2,3350,"Male/Female","Gunner",3,1,1,"---","Health",5,"Fate",2,"Worry",-4,,,,
"Cephalos Vambraces","2350z","Cephalos Scale",3,"Cephalos Fin",1,"Disk Stone",6,"Monster Fluid",1,14,-3,-4,0,2,2350,"Male/Female","Blade",3,1,1,"---","Heat Res",5,"PsychicVis",2,"Worry",-2,"Poison",-2,,
"Cephalos Guards","2350z","Cephalos Scale",3,"Cephalos Fin",1,"Disk Stone",6,"Monster Fluid",1,8,-1,-2,1,5,2350,"Male/Female","Gunner",3,1,1,"---","Heat Res",5,"PsychicVis",2,"Worry",-2,"Poison",-2,,
"Kut-Ku Vambraces","1650z","Kut-Ku Scale",3,"Kut-Ku Shell",2,"Kut-Ku Webbing",2,,,12,2,0,-1,-2,1650,"Male/Female","Blade",3,1,1,"---","Attack",4,"Fire Res",2,"Health",2,"Water Res",-3,,
"Kut-Ku Guards","1650z","Kut-Ku Scale",3,"Kut-Ku Shell",2,"Kut-Ku Webbing",2,,,6,5,3,0,1,1650,"Male/Female","Gunner",3,1,1,"---","Attack",4,"Fire Res",2,"Health",2,"Water Res",-3,,
"Battle Vambraces","750z","Kut-Ku Scale",2,"Iron Ore",3,"Earth Crystal",2,"Whetstone",2,8,2,-2,0,-2,750,"Male/Female","Blade",2,1,1,"---","Guard",3,"Health",2,"Defense",2,,,,
"Battle Guards","750z","Kut-Ku Scale",2,"Iron Ore",3,"Huskberry",10,"Small Bone Husk",3,5,4,0,2,0,750,"Male/Female","Gunner",2,1,1,"---","Load",3,,,,,,,,
"Monoblos Vambraces","4950z","Crimson Horn",1,"Monoblos Spine",1,"Monoblos Shell",2,"Machalite Ore",4,18,2,-2,-1,-1,4950,"Male/Female","Blade",3,1,1,"---","Attack",5,"Paralysis",3,"Hunger",-3,,,,
"Monoblos Guards","4950z","Crimson Horn",1,"Monoblos Spine",1,"Monoblos Shell",2,"Machalite Ore",4,9,4,0,0,2,4950,"Male/Female","Gunner",3,1,1,"---","Attack",5,"Paralysis",3,"Hunger",-3,,,,
"Bone Vambraces","650z","Sm Monster Bone",5,"Bullfango Pelt",1,"Kelbi Hide",2,"Velociprey Scale",1,7,2,-2,-2,2,650,"Male/Female","Blade",2,1,1,"---","StealNoEff",5,"Hunger",2,"PsychicVis",2,"Worry",-2,,
"Bone Guards","650z","Sm Monster Bone",5,"Bullfango Pelt",1,"Kelbi Hide",2,"Velociprey Scale",1,4,5,0,0,5,650,"Male/Female","Gunner",2,1,1,"---","StealNoEff",5,"Hunger",2,"PsychicVis",2,"Worry",-2,,
"Gypceros Vambraces","2350z","Rubbery Hide",3,"Antiseptic Stone",2,"Machalite Ore",2,,,14,-4,4,0,1,2350,"Male/Female","Blade",3,1,1,"---","Wide Cntr",3,"Health",2,"Paralysis",2,"ThunderRes",2,"Water Res",-2
"Gypceros Guards","2350z","Rubbery Hide",3,"Antiseptic Stone",2,"Machalite Ore",2,,,7,-1,6,0,4,2350,"Male/Female","Gunner",3,1,1,"---","Wide Cntr",3,"Health",2,"Paralysis",2,"ThunderRes",2,"Water Res",-2
"Rathalos Vambraces","4150z","Rathalos Shell",2,"Rathalos Scale",5,"Rathalos Webbing",1,"Machalite Ore",2,17,2,2,-4,-1,4150,"Male/Female","Blade",3,1,1,"---","Attack",3,"Fire Res",2,"Rec Speed",2,"Worry",-2,"Dragon Res",-2
"Rathalos Guards","4150z","Rathalos Tail",1,"Rathalos Scale",2,"Rathalos Webbing",1,"Machalite Ore",2,9,4,5,-2,2,4150,"Male/Female","Gunner",3,1,1,"---","Attack",3,"Fire Res",2,"Rec Speed",2,"Worry",-2,"Dragon Res",-2
"Gravios Vambraces+","23250z","Gravios Carapace",2,"Gravios Shell",4,"Lg Monster Bone",5,"Dragonite Ore",3,30,2,2,-2,-2,23250,"Male/Female","Blade",4,1,1,"---","Health",2,"Heat Res",3,"Cold Res",3,"PsychicVis",1,"Faint",-2
"Gravios Guards+","23250z","Gravios Carapace",2,"Gravios Shell",4,"Lg Monster Bone",5,"Dragonite Ore",3,15,4,3,0,1,23250,"Male/Female","Gunner",4,1,1,"---","Health",2,"Heat Res",3,"Cold Res",3,"PsychicVis",1,"Faint",-2
"Hi-Metal Vambraces+","7750z","Dragonite Ore",8,"Machalite Ore",15,"Monster Bone+",1,"Thunderbug",2,20,-2,3,0,-2,7750,"Male/Female","Blade",4,1,1,"---","Health",3,"MixSucRate",4,"ThunderRes",2,"Water Res",-2,,
"Hi-Metal Guards+","7750z","Dragonite Ore",8,"Machalite Ore",15,"Monster Bone+",1,"Thunderbug",2,13,0,5,0,0,7750,"Male/Female","Blade/Gunner",4,1,1,"---","Health",3,"MixSucRate",4,"ThunderRes",2,"Water Res",-2,,
"Diablo Vambraces+","19750z","Diablos Spine",3,"Majestic Horn",1,"Diablos Shell",4,"Gendrome Hide",2,28,3,1,0,-1,19750,"Male/Female","Blade",4,1,1,"---","WindPress",5,"Attack",2,"Hunger",-4,,,,
"Diablo Guards+","19750z","Diablos Spine",3,"Majestic Horn",1,"Diablos Shell",4,"Gendrome Hide",2,15,5,4,0,2,19750,"Male/Female","Gunner",4,1,1,"---","WindPress",5,"Attack",2,"Hunger",-4,,,,
"Auroros Gauntlets","16125z","Lao-Shan's Spine",1,"Lao-Shan's Scale",5,"Rathalos Wing",1,"Commendation",1,22,-2,0,-4,2,16125,"Male","Blade",5,1,1,"---","Rec Speed",2,"Guard",3,"Fire Res",3,,,,
"Genesis Gauntlets","16125z","Lao-Shan's Spine",1,"Lao-Shan's Scale",5,"Rathalos Wing",1,"Commendation",1,11,1,2,-2,3,16125,"Male","Gunner",5,1,1,"---","Rec Speed",2,"Load",3,"Fire Res",3,,,,
"Borealis Gauntlets","16125z","Lao-Shan's Spine",1,"Lao-Shan's Scale",5,"Rathalos Wing",1,"Commendation",1,22,-2,0,-4,2,16125,"Female","Blade",5,1,1,"---","Rec Speed",2,"Guard",3,"Fire Res",3,,,,
"Glyph Gauntlets","16125z","Lao-Shan's Spine",1,"Lao-Shan's Scale",5,"Rathalos Wing",1,"Commendation",1,11,1,2,-2,3,16125,"Female","Gunner",5,1,1,"---","Rec Speed",2,"Load",3,"Fire Res",3,,,,
"Vespoid Vambraces+","7750z","Vespoid Bladefin",1,"Vespoid Wing",12,"Monster Bone+",1,"Gendrome Hide",2,20,-6,2,2,-5,7750,"Male/Female","Blade",4,1,1,"---","Sleep",4,"Poison",2,"Paralysis",2,"Faint",-3,,
"Vespoid Guards+","7750z","Vespoid Bladefin",1,"Vespoid Abdomen",1,"Monster Bone+",1,"Gendrome Hide",2,13,-5,5,2,-4,7750,"Male/Female","Gunner",4,1,1,"---","Sleep",5,"Poison",2,"Paralysis",2,"Faint",-2,,
"Khezu Vambraces+","16750z","Pale Bone",1,"Flabby Hide",2,"Electro Sac",3,"Lifepowder",2,26,-3,4,0,3,16750,"Male/Female","Blade",4,1,1,"---","Rec Speed",2,"Wide Rec",3,"Recovery",2,"Faint",-2,"Fate",-1
"Khezu Guards+","16750z","Pale Bone",1,"Flabby Hide",2,"Electro Sac",3,"Lifepowder",2,15,-1,6,0,5,16750,"Male/Female","Gunner",4,1,1,"---","Rec Speed",2,"Wide Rec",3,"Recovery",2,"Faint",-2,"Fate",-2
"Lobster Vambraces+","18250z","Lg Lobstershell",1,"Dragonite Ore",4,"Union Ore",2,"Iodrome Hide",2,27,-2,-6,-2,4,18250,"Male/Female","Blade",4,1,1,"---","Cold Res",5,"Water Res",2,"Sleep",2,"Fire Res",-2,,
"Lobster Guards+","18250z","Lg Lobstershell",1,"Dragonite Ore",4,"Union Ore",2,"Iodrome Hide",2,15,0,-5,0,6,18250,"Male/Female","Gunner",4,1,1,"---","Cold Res",5,"Water Res",2,"Sleep",2,"Fire Res",-2,,
"Plesioth Vambraces+","18250z","Monster Bone+",2,"Plesioth Scale",4,"Plesioth Fin",3,"Union Ore",3,27,-4,-4,0,4,18250,"Male/Female","Blade",4,1,1,"---","Heat Res",3,"Hunger",2,"Water Res",2,"Sleep",2,"Fire Res",-2
"Plesioth Guards+","18250z","Monster Bone+",2,"Plesioth Scale",4,"Plesioth Fin",3,"Union Ore",3,15,-2,-2,1,6,18250,"Male/Female","Gunner",4,1,1,"---","Heat Res",3,"Hunger",2,"Water Res",2,"Sleep",2,"Fire Res",-2
"Hornet Vambraces+","7750z","Hornet Bladefin",1,"Hornetaur Wing",16,"Hornetaur Shell",10,"Monster Bone+",1,20,-6,-5,2,-1,7750,"Male/Female","Blade",4,1,1,"---","Poison",5,"Paralysis",4,"Faint",-2,,,,
"Hornet Guards+","7750z","Hornet Bladefin",1,"Hornetaur Wing",16,"Hornetaur Shell",10,"Monster Bone+",1,13,-5,-3,3,2,7750,"Male/Female","Gunner",4,1,1,"---","Poison",4,"Paralysis",4,"Faint",-3,,,,
"Dragonclaw","22222z","Fatalis' Horn",2,"Fatalis' Crust",1,"Fatalis' Shell",3,"Rathian Plate",1,24,0,2,-5,2,22222,"Male/Female","Blade",5,1,1,"---","Rec Speed",2,"Attack",2,"WindPress",2,"PsychicVis",3,"Hunger",-2
"Dragonfist","22222z","Fatalis' Horn",2,"Fatalis' Crust",1,"Fatalis' Shell",3,"Rathian Plate",1,12,2,4,-2,4,22222,"Male/Female","Gunner",5,1,1,"---","Rec Speed",2,"Attack",2,"WindPress",2,"PsychicVis",3,"Hunger",-2
"Guild Knight Gloves","16125z","Light Crystal",1,"Saber Ticket",3,"Egg Ticket",1,"Khezu Coin",3,10,0,0,0,0,16125,"Male","Blade/Gunner",5,1,1,"---","Gathering",2,"Whim",3,"PsychicVis",3,,,,
"Guild Knight Sleeves","16125z","Light Crystal",1,"Saber Ticket",3,"Egg Ticket",1,"Monoblos Coin",3,10,0,0,0,0,16125,"Male","Blade/Gunner",5,1,1,"---","Gathering",2,"Whim",3,"PsychicVis",3,,,,
"Maiden's Sleeves","16125z","Light Crystal",1,"Saber Ticket",3,"Egg Ticket",1,"Khezu Coin",3,10,0,0,0,0,16125,"Female","Blade/Gunner",5,1,1,"---","Gathering",2,"Whim",3,"PsychicVis",3,,,,
"Personal Sleeves","16125z","Light Crystal",1,"Saber Ticket",3,"Egg Ticket",1,"Monoblos Coin",3,10,0,0,0,0,16125,"Female","Blade/Gunner",5,1,1,"---","Gathering",2,"Whim",3,"PsychicVis",3,,,,
"Shinobi Kote (Sun)","16125z","Sm Lao-Shan Claw",1,"Saber Ticket",3,"Monster Fluid",2,"Rathian Scale",5,10,0,2,1,-6,16125,"Male/Female","Blade/Gunner",5,1,1,"---","Poison",2,"Worry",2,"Hunger",2,"PsychicVis",3,,
"Shinobi Kote (Moon)","16125z","Sm Lao-Shan Claw",1,"Saber Ticket",3,"Monster Fluid",2,"Rathian Scale",5,10,2,4,2,-5,16125,"Male/Female","Blade/Gunner",5,1,1,"---","Poison",2,"Worry",2,"Hunger",2,"PsychicVis",3,,
"Hi-Metal Vambraces","1150z","Machalite Ore",6,"Iron Ore",6,"Monster Fluid",1,,,10,-2,3,0,-2,1150,"Male/Female","Blade",3,1,1,"---","Health",3,"MixSucRate",4,"ThunderRes",2,"Water Res",-2,,
"Hi-Metal Guards","1150z","Machalite Ore",6,"Iron Ore",6,"Monster Fluid",1,,,5,0,5,0,0,1150,"Male/Female","Blade/Gunner",3,1,1,"---","Health",3,"MixSucRate",4,"ThunderRes",2,"Water Res",-2,,
"Khezu Vambraces","3350z","Flabby Hide",3,"Iron Ore",6,"Thunderbug",1,,,16,-3,4,0,3,3350,"Male/Female","Blade",3,1,1,"---","Rec Speed",3,"Wide Rec",3,"Recovery",2,"Faint",-2,"Fate",-1
"Khezu Guards","3350z","Flabby Hide",3,"Iron Ore",6,"Thunderbug",1,,,9,-1,6,0,5,3350,"Male/Female","Gunner",3,1,1,"---","Rec Speed",3,"Wide Rec",2,"Recovery",2,"Faint",-2,"Fate",-2
"Lobster Vambraces","4150z","Sm Lobstershell",1,"Machalite Ore",4,"Ioprey Hide",2,,,17,-2,-6,-2,4,4150,"Male/Female","Blade",3,1,1,"---","Cold Res",5,"Water Res",2,"Sleep",2,"Fire Res",-2,,
"Lobster Guards","4150z","Sm Lobstershell",1,"Machalite Ore",4,"Ioprey Hide",2,,,9,0,-5,0,6,4150,"Male/Female","Gunner",3,1,1,"---","Cold Res",5,"Water Res",2,"Sleep",2,"Fire Res",-2,,
"Plesioth Vambraces","4150z","Plesioth Scale",3,"Monster Fluid",1,"Piscine Fang",2,"Plesioth Fin",1,17,-4,-4,0,4,4150,"Male/Female","Blade",3,1,1,"---","Hunger",3,"Water Res",2,"Sleep",2,"PsychicVis",2,"Fire Res",-2
"Plesioth Guards","4150z","Plesioth Scale",3,"Monster Fluid",1,"Piscine Fang",2,"Plesioth Fin",1,9,-2,-2,1,6,4150,"Male/Female","Gunner",3,1,1,"---","Hunger",3,"Water Res",2,"Sleep",2,"PsychicVis",2,"Fire Res",-2
"Vespoid Vambraces","1150z","Vespoid Wing",8,"Iron Ore",5,"Earth Crystal",2,,,10,-6,2,2,-5,1150,"Male/Female","Blade",3,1,1,"---","Sleep",5,"Backpackng",4,,,,,,
"Vespoid Guards","1150z","Vespoid Shell",5,"Iron Ore",5,"Earth Crystal",2,,,5,-5,5,2,-4,1150,"Male/Female","Gunner",3,1,1,"---","Sleep",5,"Backpackng",4,,,,,,
"Diablo Vambraces","4950z","Twisted Horn",1,"Diablos Shell",3,"Lg Monster Bone",3,,,18,3,1,0,-1,4950,"Male/Female","Blade",3,1,1,"---","WindPress",4,"PsychicVis",4,"Hunger",-3,,,,
"Diablo Guards","4950z","Twisted Horn",1,"Diablos Shell",3,"Lg Monster Bone",3,,,10,5,4,0,2,4950,"Male/Female","Gunner",3,1,1,"---","WindPress",4,"PsychicVis",4,"Hunger",-3,,,,
"Hornet Vambraces","1150z","Hornetaur Wing",6,"Hornetaur Shell",1,"Iron Ore",5,"Monster Fluid",1,10,-6,-5,2,-1,1150,"Male/Female","Blade",3,1,1,"---","Poison",5,"PsychicVis",5,,,,,,
"Hornet Guards","1150z","Hornetaur Wing",6,"Hornetaur Shell",1,"Iron Ore",5,"Monster Fluid",1,5,-5,-3,3,2,1150,"Male/Female","Gunner",3,1,1,"---","Poison",5,,,,,,,,
"Gravios Vambraces","7750z","Gravios Shell",6,"Flame Sac",1,"Machalite Ore",2,"Ioprey Hide",3,20,2,2,-2,-2,7750,"Male/Female","Blade",3,1,1,"---","Health",2,"Heat Res",3,"Cold Res",2,"Faint",-2,"Hunger",-2
"Gravios Guards","7750z","Gravios Shell",6,"Flame Sac",1,"Machalite Ore",2,"Ioprey Hide",3,10,4,3,0,1,7750,"Male/Female","Gunner",3,1,1,"---","Health",2,"Heat Res",3,"Cold Res",2,"Faint",-2,"Hunger",-2
"Steel Vambraces","1650z","Machalite Ore",10,"Iron Ore",10,"Disk Stone",6,,,12,2,-2,0,2,1650,"Male/Female","Blade",3,1,1,"---","MixSucRate",4,"Health",3,"ThunderRes",-2,"Worry",-2,,
"Steel Vambraces+","10750z","Dragonite Ore",10,"Machalite Ore",12,"Monster Bone+",2,,,22,2,-2,0,2,10750,"Male/Female","Blade",4,1,1,"---","MixSucRate",5,"Health",2,"ThunderRes",-2,"Worry",-2,,
"Rathian Vambraces+","16750z","Rathian Plate",1,"Rathian Shell",4,"Rathian Claw",4,"Dragonite Ore",4,26,2,-2,-4,0,16750,"Male/Female","Blade",4,1,1,"---","Health",5,"Fate",2,"Worry",-4,,,,
"Rathian Guards+","16750z","Rathian Plate",1,"Rathian Shell",6,"Rathian Claw",3,"Dragonite Ore",4,14,4,0,-2,2,16750,"Male/Female","Gunner",4,1,1,"---","Health",5,"Fate",2,"Worry",-4,,,,
"Rathalos Vambraces+","18250z","Rathalos Plate",1,"Rathalos Shell",4,"Flame Sac",2,"Union Ore",2,27,2,2,-4,-1,18250,"Male/Female","Blade",4,1,1,"---","Attack",3,"Rec Speed",2,"Fire Res",2,"ThunderRes",-2,"Dragon Res",-2
"Rathalos Guards+","18250z","Rathalos Plate",1,"Rathalos Tail",3,"Flame Sac",2,"Union Ore",2,15,4,5,-2,2,18250,"Male/Female","Gunner",4,1,1,"---","Attack",3,"Rec Speed",2,"Fire Res",2,"ThunderRes",-2,"Worry",-2
"Kut-Ku Vambraces+","10750z","Union Ore",1,"Kut-Ku Shell",8,"Kut-Ku Ear",1,"Monster Bone+",2,22,2,0,-1,-2,10750,"Male/Female","Blade",4,1,1,"---","Attack",3,"Faint",4,"PsychicVis",1,"Defense",-3,,
"Kut-Ku Guards+","10750z","Union Ore",1,"Kut-Ku Shell",8,"Kut-Ku Ear",1,"Monster Bone+",2,14,5,3,0,1,10750,"Male/Female","Gunner",4,1,1,"---","Attack",3,"Faint",4,"PsychicVis",1,"Health",-3,,
"Leather Vambraces+","1350z","Dragonite Ore",1,"Kelbi Hide",3,"Lg Monster Bone",1,"Monster Bone+",1,11,2,0,0,0,1350,"Male/Female","Blade/Gunner",4,1,1,"---","Throw",5,"Backpackng",3,"Worry",-3,,,,
"Chain Vambraces+","1650z","Dragonite Ore",1,"Iron Ore",6,"Med Monster Bone",3,"Monster Bone+",1,12,2,-2,0,2,1650,"Male/Female","Blade/Gunner",4,1,1,"---","Gathering",2,"Gluttony",2,"Defense",3,"Health",4,,
"Hunter's Vambraces+","2350z","Dragonite Ore",2,"Bullfango Pelt",5,"Kelbi Hide",5,"Monster Bone+",1,14,0,-4,0,0,2350,"Male/Female","Blade",4,1,1,"---","Fishing",3,"Guard Up",2,"WideEffect",2,"PsychicVis",2,"Hunger",-2
"Hunter's Guards+","2350z","Dragonite Ore",2,"Bullfango Pelt",5,"Kelbi Hide",5,"Monster Bone+",1,13,2,-2,0,2,2350,"Male/Female","Gunner",4,1,1,"---","Fishing",3,"NormalSAdd",2,"WideEffect",2,"Hunger",-2,"Load",-2
"Bone Vambraces+","4150z","Dragonite Ore",2,"Med Monster Bone",3,"Kut-Ku Scale",3,"Monster Bone+",1,17,2,-2,-2,2,4150,"Male/Female","Blade",4,1,1,"---","StealNoEff",5,"Hunger",2,"Flute",2,"Worry",-2,,
"Bone Guards+","4150z","Dragonite Ore",2,"Med Monster Bone",3,"Kut-Ku Scale",3,"Monster Bone+",1,13,5,0,0,5,4150,"Male/Female","Gunner",4,1,1,"---","StealNoEff",5,"Hunger",2,"Flute",2,"Worry",-2,,
"Velociprey Vambraces+","4950z","Dragonite Ore",2,"Velociprey Scale",4,"Lg Monster Bone",2,"Monster Bone+",1,18,1,1,-1,1,4950,"Male/Female","Blade",4,1,1,"---","Faint",5,"Gluttony",6,,,,,,
"Velociprey Guards+","4950z","Dragonite Ore",2,"Velociprey Scale",4,"Lg Monster Bone",2,"Monster Bone+",1,13,3,3,0,3,4950,"Male/Female","Gunner",4,1,1,"---","Faint",5,"Gluttony",6,,,,,,
"Battle Vambraces+","4950z","Dragonite Ore",3,"Genprey Scale",3,"Earth Crystal",10,"Monster Bone+",1,18,2,-2,0,-2,4950,"Male/Female","Blade",4,1,1,"---","Guard",4,"Health",2,"Defense",2,"Faint",-3,,
"Battle Guards+","4950z","Dragonite Ore",3,"Genprey Scale",3,"Small Bone Husk",10,"Monster Bone+",1,13,4,0,2,0,4950,"Male/Female","Gunner",4,1,1,"---","Load",3,"PsychicVis",2,"Health",-3,"Protection",-2,,
"Genprey Vambraces+","9250z","Dragonite Ore",3,"Genprey Scale",5,"Machalite Ore",5,"Monster Bone+",1,21,2,3,-1,-2,9250,"Male/Female","Blade",4,1,1,"---","Paralysis",5,"ThunderRes",4,"Water Res",-2,,,,
"Genprey Guards+","9250z","Dragonite Ore",3,"Genprey Scale",5,"Machalite Ore",5,"Monster Bone+",1,14,4,5,0,0,9250,"Male/Female","Gunner",4,1,1,"---","Paralysis",5,"ThunderRes",4,"Water Res",-2,,,,
"Ioprey Vambraces+","12250z","Nova Crystal",1,"Ioprey Scale",6,"Ioprey Hide",2,"Monster Bone+",2,23,3,-2,-1,2,12250,"Male/Female","Blade",4,1,1,"---","Poison",5,"ThunderRes",2,"Paralysis",2,"Water Res",-2,,
"Ioprey Guards+","12250z","Nova Crystal",1,"Ioprey Scale",6,"Ioprey Hide",2,"Monster Bone+",2,14,5,0,0,4,12250,"Male/Female","Gunner",4,1,1,"---","Poison",5,"ThunderRes",2,"Paralysis",2,"Water Res",-2,,
"Gypceros Vambraces+","13750z","Monster Bone+",2,"Rubbery Hide",4,"Antiseptic Stone",3,"Union Ore",2,24,-4,4,0,1,13750,"Male/Female","Blade",4,1,1,"---","Wide Cntr",3,"Health",2,"Paralysis",2,"ThunderRes",2,"Water Res",-2
"Gypceros Guards+","13750z","Monster Bone+",2,"Rubbery Hide",4,"Antiseptic Stone",3,"Union Ore",2,14,-1,6,0,4,13750,"Male/Female","Gunner",4,1,1,"---","Wide Cntr",3,"Health",2,"Paralysis",2,"ThunderRes",2,"Water Res",-2
"Cephalos Vambraces+","13750z","Union Ore",1,"Cephalos Scale",5,"Cephalos Fin",2,"Monster Bone+",2,24,-3,-4,0,2,13750,"Male/Female","Blade",4,1,1,"---","Heat Res",5,"PsychicVis",2,"Worry",-2,"Poison",-2,,
"Cephalos Guards+","13750z","Union Ore",1,"Cephalos Scale",5,"Cephalos Fin",2,"Monster Bone+",2,14,-1,-2,1,5,13750,"Male/Female","Gunner",4,1,1,"---","Heat Res",5,"PsychicVis",2,"Worry",-2,"Poison",-2,,
"Leather Vambraces S","3350z","Carbalite Ore",1,"Machalite Ore",10,"Kelbi Hide",2,"Monster Bone+",1,16,2,0,0,0,3350,"Male/Female","Blade/Gunner",6,1,1,"---","HearProtct",3,"Gathering",2,"Backpackng",2,"Faint",-2,"Worry",-2
"Chain Vambraces S","4150z","Carbalite Ore",2,"Machalite Ore",10,"Union Ore",2,,,17,2,-2,0,2,4150,"Male/Female","Blade/Gunner",6,1,1,"---","BombStrUp",2,"MixSucRate",3,"PsychicVis",3,"Health",-3,,
"Hunter's Vambraces S","13750z","Carbalite Ore",3,"Machalite Ore",8,"Union Ore",2,"Bullfango Pelt",2,24,0,-4,0,0,13750,"Male/Female","Blade",6,1,1,"---","Rec Speed",3,"Fate",2,"PsychicVis",4,"Sleep",-2,,
"Hunter's Guards S","13750z","Carbalite Ore",3,"Machalite Ore",8,"Union Ore",2,"Bullfango Pelt",2,18,2,-2,0,2,13750,"Male/Female","Gunner",6,1,1,"---","Rec Speed",2,"Fate",2,"PelletS Up",2,"PsychicVis",4,"Load",-1
"Bone Vambraces S","18250z","Inferno Sac",1,"Bullfango Pelt",3,"King Scarab",4,"Monster Bone+",2,27,2,-2,-2,2,18250,"Male/Female","Blade",6,1,1,"---","StealNoEff",2,"Heat Res",3,"SwdShrpner",2,"PsychicVis",2,"Faint",-2
"Bone Guards S","18250z","Inferno Sac",1,"Bullfango Pelt",3,"King Scarab",4,"Monster Bone+",2,18,5,0,0,5,18250,"Male/Female","Gunner",6,1,1,"---","StealNoEff",4,"Heat Res",3,"MixSucRate",2,"PsychicVis",2,,
"Velociprey Braces S","19750z","Velociprey Scle+",3,"Velociprey Hide+",5,"Union Ore",4,"Velocidrome Claw",3,28,1,1,-1,1,19750,"Male/Female","Blade",6,1,1,"---","Faint",4,"Sleep",2,"Health",3,"Guard",-2,,
"Velociprey Guards S","19750z","Velociprey Scle+",3,"Velociprey Hide+",5,"Union Ore",4,"Velocidrome Claw",3,18,3,3,0,3,19750,"Male/Female","Gunner",6,1,1,"---","Faint",4,"Sleep",2,"NormalS Up",2,"Load",-3,,
"Battle Vambraces S","19750z","Kut-Ku Carapace",3,"Pure Crystal",1,"Carbalite Ore",3,"Disk Stone",10,28,2,-2,0,-2,19750,"Male/Female","Blade",6,1,1,"---","PsychicVis",3,"Map",2,"Guard Up",2,"Recovery",-2,,
"Battle Guards S","19750z","Kut-Ku Carapace",3,"Pure Crystal",1,"Carbalite Ore",3,"Dragon Seed",2,18,4,0,2,0,19750,"Male/Female","Gunner",6,1,1,"---","Load",5,"PsychicVis",2,"Defense",-4,,,,
"Vespoid Vambraces S","23250z","Vspoid Razorwing",3,"Vespoid Carapace",3,"Vespoid Wing",6,"Joiner Grasshppr",2,30,-6,2,2,-5,23250,"Male/Female","Blade",6,1,1,"---","Poison",3,"WideEffect",2,"Sleep",5,"Hunger",-1,,
"Vespoid Guards S","23250z","Vspoid Razorwing",3,"Vespoid Carapace",3,"Vespoid Abdomen",1,"Monster Broth",3,16,-5,5,2,-4,23250,"Male/Female","Gunner",6,1,1,"---","Poison",3,"WideEffect",2,"Sleep",3,"Hunger",-3,,
"Hornet Vambraces S","23250z","Hornet Razorwing",3,"Hornet Carapace",4,"Hornetaur Wing",12,"Joiner Grasshppr",2,30,-6,-5,2,-1,23250,"Male/Female","Blade",6,1,1,"---","Dragon Res",5,"Fate",2,"Hunger",-4,,,,
"Hornet Guards S","23250z","Hornet Razorwing",3,"Hornet Carapace",4,"Hornetaur Wing",12,"Monster Broth",3,15,-5,-3,3,2,23250,"Male/Female","Gunner",6,1,1,"---","Dragon Res",5,"Fate",2,"Defense",-4,,,,
"Hi-Metal Vambraces S","23250z","Carbalite Ore",5,"Nova Crystal",1,"Dragonite Ore",10,"Electro Sac",4,30,-2,3,0,-2,23250,"Male/Female","Blade",6,1,1,"---","Health",3,"Throw",3,"Protection",2,"Cold Res",-3,,
"Hi-Metal Guards S","23250z","Carbalite Ore",5,"Nova Crystal",1,"Dragonite Ore",10,"Electro Sac",4,18,0,5,0,0,23250,"Male/Female","Gunner",6,1,1,"---","Health",2,"PierceS Up",2,"PsychicVis",2,"Cold Res",-3,"Load",-2
"Genprey Vambraces S","24750z","Genprey Scale+",4,"Genprey Hide+",6,"Carbalite Ore",5,"Gendrome Hide",3,31,2,3,-1,-2,24750,"Male/Female","Blade",6,1,1,"---","Paralysis",3,"Protection",2,"Spc Attack",3,"Guard",-3,,
"Genprey Guards S","24750z","Genprey Scale+",4,"Genprey Hide+",6,"Carbalite Ore",5,"Gendrome Hide",3,19,4,5,0,0,24750,"Male/Female","Gunner",6,1,1,"---","Paralysis",5,"Faint",2,"PelletS Up",2,"Load",-2,,
"Kut-Ku Vambraces S","26250z","Kut-Ku Carapace",3,"Long Kut-Ku Ear",3,"Kut-Ku Wing",4,"Monster Bone+",3,32,2,0,-1,-2,26250,"Male/Female","Blade",6,1,1,"---","Attack",5,"Protection",2,"Defense",-4,,,,
"Kut-Ku Guards S","26250z","Kut-Ku Carapace",3,"Long Kut-Ku Ear",3,"Kut-Ku Wing",4,"Monster Bone+",3,19,5,3,0,1,26250,"Male/Female","Gunner",6,1,1,"---","Attack",2,"Protection",2,"PsychicVis",4,"Health",-2,,
"Ioprey Vambraces S","27750z","Ioprey Scale+",4,"Ioprey Hide+",6,"Fire Stone",1,"Iodrome Hide",3,33,3,-2,-1,2,27750,"Male/Female","Blade",6,1,1,"---","Poison",3,"Paralysis",2,"BombStrUp",1,"MixSucRate",-5,,
"Ioprey Guards S","27750z","Ioprey Scale+",4,"Ioprey Hide+",6,"Fire Stone",1,"Iodrome Hide",3,19,5,0,0,4,27750,"Male/Female","Gunner",6,1,1,"---","Poison",3,"Paralysis",1,"PierceS Up",3,"Load",-4,,
"Gypceros Vambraces S","29250z","Rubbery Hide+",4,"Monster Broth",2,"Antiseptic Stone",8,"Genprey Scale+",2,34,-4,4,0,1,29250,"Male/Female","Blade",6,1,1,"---","Gluttony",6,"Spc Attack",3,"StealNoEff",1,"Defense",-1,,
"Gypceros Guards S","29250z","Rubbery Hide+",4,"Monster Broth",2,"Antiseptic Stone",8,"Genprey Scale+",2,19,-1,6,0,4,29250,"Male/Female","Gunner",6,1,1,"---","Gluttony",2,"PelletSAdd",3,"Load",-2,"Defense",-4,,
"Cephalos Vambraces S","29250z","Cephalos Scale+",5,"Cephalos Fin+",2,"Machalite Ore",15,"Iron Ore",20,34,-3,-4,0,2,29250,"Male/Female","Blade",6,1,1,"---","Heat Res",3,"Guard",3,"Recovery",2,"Faint",-3,,
"Cephalos Guards S","29250z","Cephalos Scale+",5,"Cephalos Fin+",2,"Machalite Ore",15,"Iron Ore",20,19,-1,-2,1,5,29250,"Male/Female","Gunner",6,1,1,"---","Heat Res",3,"Defense",4,"Recovery",2,"Faint",-2,,
"Steel Vambraces S","26250z","Pure Crystal",1,"Nova Crystal",2,"Dragonite Ore",10,"Machalite Ore",12,32,2,-2,0,2,26250,"Male/Female","Blade",6,1,1,"---","MixSucRate",2,"SwdShrpner",3,"PsychicVis",2,"Defense",-4,,
"Rathian Vambraces S","32250z","Rathian Ruby",1,"Rathian Carapace",2,"Rathian Scale+",3,"Dragonite Ore",4,36,2,-2,-4,0,32250,"Male/Female","Blade",6,1,1,"---","Health",3,"Protection",2,"Guard",3,"Hunger",-3,,
"Rathian Guards S","32250z","Rathian Ruby",1,"Rathian Carapace",2,"Rathian Scale+",3,"Dragonite Ore",4,19,4,0,-2,2,32250,"Male/Female","Gunner",6,1,1,"---","Protection",2,"Recovery",2,"Defense",3,"MixSucRate",-4,,
"Khezu Vambraces S","32250z","Pale Khezu Steak",1,"Khezu Hide - Tan",2,"Monster Broth",3,"Monster Bone+",2,36,-3,4,0,3,32250,"Male/Female","Blade",6,1,1,"---","Wide Rec",4,"HearProtct",2,"PsychicVis",1,"Faint",-2,"Protection",-2
"Khezu Guards S","32250z","Pale Khezu Steak",1,"Khezu Hide - Tan",2,"Monster Broth",3,"Monster Bone+",2,20,-1,6,0,5,32250,"Male/Female","Gunner",6,1,1,"---","Wide Rec",4,"Defense",2,"Poison",-2,"Protection",-3,,
"Rathalos Vambraces S","33750z","Rathalos Ruby",1,"Rathalos Scale+",2,"Rathalos Shell",5,"Joiner Grasshppr",2,37,2,2,-4,-1,33750,"Male/Female","Blade",6,1,1,"---","Sharpness",3,"Rec Speed",2,"Protection",3,"Faint",-3,,
"Rathalos Guards S","33750z","Rathalos Ruby",1,"Rathalos Scale+",2,"Rathalos Tail",4,"Joiner Grasshppr",2,20,4,5,-2,2,33750,"Male/Female","Gunner",6,1,1,"---","PierceS Up",2,"Rec Speed",3,"PsychicVis",1,"Load",-3,"Fate",-2
"Plesioth Vambraces S","33750z","Plesioth Scale+",1,"Plesioth Top Fin",3,"Monster Broth",1,"Cephalos Scale+",3,37,-4,-4,0,4,33750,"Male/Female","Blade",6,1,1,"---","Fishing",3,"Heat Res",3,"Hunger",3,"Faint",-2,,
"Plesioth Guards S","33750z","Plesioth Scale+",1,"Plesioth Top Fin",3,"Monster Broth",1,"Cephalos Scale+",3,20,-2,-2,1,6,33750,"Male/Female","Gunner",6,1,1,"---","Fishing",3,"Heat Res",3,"Hunger",3,"Faint",-2,,
"Lobster Vambraces S","33750z","Gt Lobstershell",2,"Plesioth Top Fin",1,"King Scarab",6,"Iodrome Hide",2,37,-2,-6,-2,4,33750,"Male/Female","Blade",6,1,1,"---","Water Res",5,"Flute",3,"Worry",-3,,,,
"Lobster Guards S","33750z","Gt Lobstershell",2,"Plesioth Top Fin",1,"King Scarab",6,"Iodrome Hide",2,20,0,-5,0,6,33750,"Male/Female","Gunner",6,1,1,"---","Water Res",5,"Flute",3,"Worry",-3,,,,
"Diablo Vambraces S","35250z","Diablos Thoracic",2,"Solid Blos Horn",1,"Diablos Carapace",5,"Genprey Hide+",4,38,3,1,0,-1,35250,"Male/Female","Blade",6,1,1,"---","WindPress",4,"HearProtct",2,"Hunger",-3,"Faint",-2,,
"Diablo Guards S","35250z","Diablos Thoracic",2,"Solid Blos Horn",1,"Diablos Carapace",5,"Genprey Hide+",4,20,5,4,0,2,35250,"Male/Female","Gunner",6,1,1,"---","WindPress",4,"HearProtct",3,"Hunger",-3,"Faint",-1,,
"Monoblos Vambraces S","35250z","Firecell Stone",1,"Crimson Horn",2,"Monoblos Shell",5,"Hrd Monster Bone",3,38,2,-2,-1,-1,35250,"Male/Female","Blade",6,1,1,"---","Artisan",4,"Whim",4,"Hunger",-3,,,,
"Monoblos Guards S","35250z","Firecell Stone",1,"Crimson Horn",2,"Monoblos Shell",5,"Hrd Monster Bone",3,20,4,0,0,2,35250,"Male/Female","Gunner",6,1,1,"---","Health",4,"WideEffect",3,"Hunger",-4,,,,
"Gravios Vambraces S","38250z","GraviosHeavyShl",2,"Gravios Jaw",1,"Gravios Shell",6,"Hrd Monster Bone",1,40,2,2,-2,-2,38250,"Male/Female","Blade",6,1,1,"---","Health",3,"Attack",2,"PsychicVis",2,"Defense",-2,"Protection",-2
"Gravios Guards S","38250z","GraviosHeavyShl",2,"Gravios Jaw",1,"Gravios Shell",6,"Hrd Monster Bone",1,20,4,3,0,1,38250,"Male/Female","Gunner",6,1,1,"---","ClustS Add",2,"PsychicVis",2,"Load",-3,,,,
"Leather Vambraces U","3350z","Rathian Carapace",1,"Dragonite Ore",3,"Wht Velopry Hide",4,"WhtVeloprySclPc",3,16,3,3,1,3,3350,"Male/Female","Blade/Gunner",6,1,1,"---","Defense",2,"Spc Attack",4,"Faint",-5,,,,
"Hunter's Vambraces U","13750z","Rathlos Carapace",1,"Carbalite Ore",1,"Blk Gravios Shl",2,"Flame Sac",3,24,0,-4,0,0,13750,"Male/Female","Blade",6,1,1,"---","Artisan",2,"PsychicVis",2,"SwdShrpner",2,"Hunger",-2,"Faint",-3
"Hunter's Guards U","13750z","Rathlos Carapace",1,"Carbalite Ore",1,"Blk Gravios Shl",2,"Flame Sac",3,18,2,-2,0,2,13750,"Male/Female","Gunner",6,1,1,"---","PierceS Up",2,"PsychicVis",1,"Faint",-5,"Load",-3,,
"Bone Vambraces U","18250z","Firecell Stone",1,"Hrd Monster Bone",1,"Bullfango Pelt",4,"King Scarab",3,27,2,-2,-2,2,18250,"Male/Female","Blade",6,1,1,"---","Alchemy",3,"All Res Up",2,"PsychicVis",3,"Poison",-2,,
"Bone Guards U","18250z","Firecell Stone",1,"Hrd Monster Bone",1,"Bullfango Pelt",4,"King Scarab",3,18,5,0,0,5,18250,"Male/Female","Gunner",6,1,1,"---","Alchemy",3,"All Res Up",2,"PsychicVis",2,"Protection",-4,,
"Velociprey Braces U","38250z","WhtVelopry Scale",3,"Wht Velopry Hide",5,"Blk Gravios Cpc",2,"Monster Bone+",2,40,1,1,-1,1,38250,"Male/Female","Blade",6,1,1,"---","Gluttony",2,"All Res Up",3,"PsychicVis",3,"Poison",-3,,
"Velociprey Guards U","38250z","WhtVelopry Scale",3,"Wht Velopry Hide",5,"Blk Gravios Cpc",2,"Monster Bone+",2,20,3,3,0,3,38250,"Male/Female","Gunner",6,1,1,"---","Gluttony",2,"All Res Up",2,"PsychicVis",3,"Health",-3,,
"Hi-Metal Vambraces U","23250z","Basarios Tears",1,"Pure Crystal",1,"Carbalite Ore",3,"Nova Crystal",1,30,-2,3,0,-2,23250,"Male/Female","Blade",6,1,1,"---","Health",5,"Sharpness",3,"Faint",-3,,,,
"Hi-Metal Guards U","23250z","Basarios Tears",1,"Pure Crystal",1,"Carbalite Ore",3,"Nova Crystal",1,18,0,5,0,0,23250,"Male/Female","Gunner",6,1,1,"---","Health",2,"Shot Mix",2,"PsychicVis",2,"Heat Res",-3,"MixSucRate",-2
"Kut-Ku Vambraces U","26250z","Blue Kut-Ku Ear",3,"BluKutKuCarapace",4,"Blue Kut+Ku Wing",4,"Hrd Monster Bone",1,32,2,0,-1,-2,26250,"Male/Female","Blade",6,1,1,"---","Attack",5,"Spc Attack",2,"Defense",-4,,,,
"Kut-Ku Guards U","26250z","Blue Kut-Ku Ear",3,"BluKutKuCarapace",4,"Blue Kut+Ku Wing",4,"Hrd Monster Bone",1,19,5,3,0,1,26250,"Male/Female","Gunner",6,1,1,"---","Attack",5,"Defense",2,"Health",-4,,,,
"Gypceros Vambraces U","29250z","Pur Rubbery Hide",3,"Monster Broth",2,"Antiseptic Stone",8,"Genprey Scale+",2,34,-4,4,0,1,29250,"Male/Female","Blade",6,1,1,"---","Poison",4,"Recovery",2,"PsychicVis",3,"Defense",-2,,
"Gypceros Guards U","29250z","Pur Rubbery Hide",3,"Monster Broth",2,"Antiseptic Stone",8,"Genprey Scale+",2,19,-1,6,0,4,29250,"Male/Female","Gunner",6,1,1,"---","BmbShotAdd",6,"Health",-5,,,,,,
"Cephalos Vambraces U","29250z","Coral Cphlos Scl",3,"Coral Cphlos Fin",4,"Machalite Ore",20,"Monster Bone+",2,34,-3,-4,0,2,29250,"Male/Female","Blade",6,1,1,"---","Fate",3,"Fishing",2,"HearProtct",1,"PsychicVis",2,"Faint",-3
"Cephalos Guards U","29250z","Coral Cphlos Scl",3,"Coral Cphlos Fin",4,"Machalite Ore",20,"Monster Bone+",2,19,-1,-2,1,5,29250,"Male/Female","Gunner",6,1,1,"---","Fate",3,"Fishing",3,"PsychicVis",3,"Health",-2,,
"Khezu Vambraces U","32250z","Alluring Hide",3,"Pale Khezu Steak",1,"Union Ore",4,"Lifepowder",3,36,3,4,0,-3,32250,"Male/Female","Blade",6,1,1,"---","Rec Speed",5,"Recovery",3,"SwdShrpner",-3,,,,
"Khezu Guards U","32250z","Alluring Hide",3,"Pale Khezu Steak",1,"Union Ore",4,"Lifepowder",3,20,5,6,0,-1,32250,"Male/Female","Gunner",6,1,1,"---","Wide Rec",4,"Recovery",3,"PsychicVis",1,"Load",-1,"Worry",-2
"Plesioth Vambraces U","33750z","Grn Plesioth Scl",2,"Grn Plesioth Fin",3,"Monster Broth",2,"Carbalite Ore",3,37,-4,-4,0,4,33750,"Male/Female","Blade",6,1,1,"---","Attack",3,"Protection",3,"Fate",3,"Guard",-2,,
"Plesioth Guards U","33750z","Grn Plesioth Scl",2,"Grn Plesioth Fin",3,"Monster Broth",2,"Carbalite Ore",3,20,-2,-2,1,6,33750,"Male/Female","Gunner",6,1,1,"---","Attack",4,"Protection",2,"Fate",3,"Health",-2,,
"Diablo Vambraces U","35250z","Black Blos Spine",2,"TwstBlckBlosHrn",1,"Black Blos Shell",5,"Genprey Hide+",2,38,3,1,0,-1,35250,"Male/Female","Blade",6,1,1,"---","WindPress",4,"Fate",4,"Hunger",-3,,,,
"Diablo Guards U","35250z","Black Blos Spine",2,"TwstBlckBlosHrn",1,"Black Blos Shell",5,"Genprey Hide+",2,20,5,4,0,2,35250,"Male/Female","Gunner",6,1,1,"---","WindPress",4,"Fate",4,"Hunger",-3,,,,
"Gravios Vambraces U","38250z","Blk Gravios Cpc",2,"Blk Gravios Shl",5,"Hrd Monster Bone",4,"Ioprey Hide+",5,40,2,2,0,-2,38250,"Male/Female","Blade",6,1,1,"---","Health",3,"Heat Res",2,"Fate",2,"Fencing",2,"Recovery",-2
"Gravios Guards U","38250z","Blk Gravios Cpc",2,"Blk Gravios Shl",5,"Hrd Monster Bone",4,"Ioprey Hide+",5,24,4,3,0,1,38250,"Male/Female","Gunner",6,1,1,"---","Heat Res",3,"PsychicVis",3,,,,,,
"(Torso Inc) Black Belt Vambraces","3300z","Gypceros Coin",6,"Saber Ticket",3,"Gunner Ticket",2,"Cephalos Coin",6,12,2,2,2,2,3300,"Male/Female","Blade/Gunner",5,1,1,"---","Torso Inc",,,,,,,,,
"Rathian Heart Braces","5025z","Pnk Rathian Scl",4,"Pnk Rathian Shl",2,"Pnk Rathian Claw",1,"Machalite Ore",5,16,2,-2,-4,0,5025,"Male/Female","Blade",5,1,1,"---","Health",2,"Fate",3,"Alchemy",2,"PsychicVis",1,"Paralysis",-3
"Rathian Heart Guards","5025z","Pnk Rathian Scl",4,"Pnk Rathian Shl",2,"Pnk Rathian Claw",1,"Machalite Ore",5,8,4,0,-2,2,5025,"Male/Female","Gunner",5,1,1,"---","Health",2,"Fate",3,"Alchemy",2,"PsychicVis",2,"Hunger",-2
"Rathalos Soul Braces","6225z","Azr Rthls Webbng",2,"Azure Rthlos Shl",2,"Flame Sac",1,"Machalite Ore",5,17,2,-1,-4,2,6225,"Male/Female","Blade",5,1,1,"---","HearProtct",2,"SwdShrpner",3,"Whim",-3,,,,
"Rathalos Soul Guards","6225z","Azr Rthls Webbng",2,"Azur Rthlos Tail",1,"Flame Sac",1,"Machalite Ore",5,9,4,2,-2,5,6225,"Male/Female","Gunner",5,1,1,"---","HearProtct",2,"Shot Mix",2,"Whim",-2,,,,
"Monodevil Vambraces","13875z","Wht Monoblos Hrn",1,"Wht Monoblos Spn",2,"Wht Monoblos Shl",2,"Machalite Ore",8,21,2,-2,-1,-1,13875,"Male/Female","Blade",5,1,1,"---","Attack",3,"WindPress",4,"Hunger",-3,"Defense",-1,,
"Monodevil Guards","13875z","Wht Monoblos Hrn",1,"Wht Monoblos Spn",2,"Wht Monoblos Shl",2,"Machalite Ore",8,10,4,0,0,2,13875,"Male/Female","Gunner",5,1,1,"---","Attack",3,"WindPress",3,"Hunger",-3,"Defense",-2,,
"Shinobi Kote (White)","39375z","Fatalis' Wing",1,"Guild Ticket",1,"Monster Broth",2,"Rathian Spike",3,15,0,2,1,-6,39375,"Male/Female","Blade/Gunner",5,1,1,"---","Poison",3,"Worry",2,"Hunger",2,"PsychicVis",4,,
"Shinobi Kote (Black)","39375z","Fatalis' Wing",1,"Guild Ticket",1,"Monster Broth",2,"Rathian Spike",3,15,2,4,2,-5,39375,"Male/Female","Blade/Gunner",5,1,1,"---","Poison",3,"Worry",2,"Hunger",2,"PsychicVis",4,,
"Guild Knight Gloves+","39375z","King Scarab",3,"Guild Ticket",1,"Egg Ticket",2,"Pale Bone",1,15,0,0,0,0,39375,"Male","Blade/Gunner",5,1,1,"---","Gathering",2,"Whim",3,"Fate",3,"PsychicVis",3,,
"Guild Knght Sleeves+","39375z","King Scarab",3,"Guild Ticket",1,"Egg Ticket",2,"Pale Bone",1,15,0,0,0,0,39375,"Male","Blade/Gunner",5,1,1,"---","Gathering",2,"Whim",3,"Fate",3,"PsychicVis",3,,
"Maiden's Sleeves+","39375z","King Scarab",3,"Guild Ticket",1,"Egg Ticket",2,"Pale Bone",1,15,0,0,0,0,39375,"Female","Blade/Gunner",5,1,1,"---","Gathering",2,"Whim",3,"Fate",3,"PsychicVis",3,,
"Personal Sleeves+","39375z","King Scarab",3,"Guild Ticket",1,"Egg Ticket",2,"Pale Bone",1,15,0,0,0,0,39375,"Female","Blade/Gunner",5,1,1,"---","Gathering",2,"Whim",3,"Fate",3,"PsychicVis",3,,
"Rathian Heart Brace+","25125z","Pnk Rthian Plate",1,"Pnk Rathian Shl",3,"Flame Sac",2,"Nova Crystal",1,26,2,-2,-4,0,25125,"Male/Female","Blade",5,1,1,"---","Health",3,"Fate",3,"Worry",-3,"Defense",-2,,
"Rathian Heart Guard+","25125z","Pnk Rthian Plate",1,"Pnk Rathian Shl",3,"Flame Sac",2,"Nova Crystal",1,14,4,0,-2,2,25125,"Male/Female","Gunner",5,1,1,"---","Health",3,"Fate",3,"Worry",-2,"Defense",-3,,
"Rathalos Soul Brace+","27375z","Azre Rthls Plate",1,"Azure Rthlos Shl",4,"Azure Rthlos Scl",4,"Monster Bone+",3,27,2,-1,-4,2,27375,"Male/Female","Blade",5,1,1,"---","Faint",2,"Attack",3,"Defense",-3,"Whim",-3,,
"Rathalos Soul Guard+","27375z","Azre Rthls Plate",1,"Azur Rthlos Tail",2,"Azure Rthlos Scl",4,"Monster Bone+",3,15,4,2,-2,5,27375,"Male/Female","Gunner",5,1,1,"---","Faint",2,"Attack",3,"PsychicVis",2,"Defense",-2,"Whim",-2
"Auroros Gauntlet Mai","39375z","LaoShan Thoracic",1,"Lao-Shan's Scale",5,"Rathian Scale+",3,"Commendation",3,32,-2,0,-4,2,39375,"Male","Blade",5,1,1,"---","Rec Speed",2,"Map",2,"Guard",3,"Fire Res",2,"Faint",-2
"Genesis Gauntlet Mai","39375z","LaoShan Thoracic",1,"Lao-Shan's Scale",5,"Rathian Scale+",3,"Commendation",3,16,1,2,-2,3,39375,"Male","Gunner",5,1,1,"---","Rec Speed",2,"Map",2,"Load",3,"Fire Res",2,"Health",-2
"Borealis GauntletMai","39375z","LaoShan Thoracic",1,"Lao-Shan's Scale",5,"Rathian Scale+",3,"Commendation",3,32,-2,0,-4,2,39375,"Female","Blade",5,1,1,"---","Rec Speed",2,"Map",2,"Guard",3,"Fire Res",2,"Faint",-2
"Glyph Gauntlet Mai","39375z","LaoShan Thoracic",1,"Lao-Shan's Scale",5,"Rathian Scale+",3,"Commendation",3,16,1,2,-2,3,39375,"Female","Gunner",5,1,1,"---","Rec Speed",2,"Map",2,"Load",3,"Fire Res",2,"Health",-2
"Dragonclaw+","55555z","Fatalis' Spike",2,"Hrd Fatalis Crst",1,"Fatalis Carapace",3,"Rathian Plate",1,34,0,2,-5,2,55555,"Male/Female","Blade",5,1,1,"---","Attack",2,"WindPress",3,"PsychicVis",1,"Defense",-2,"Hunger",-3
"Dragonfist+","55555z","Fatalis' Spike",2,"Hrd Fatalis Crst",1,"Fatalis Carapace",3,"Rathian Plate",1,17,2,4,-2,4,55555,"Male/Female","Gunner",5,1,1,"---","Attack",2,"WindPress",3,"PsychicVis",1,"Health",-2,"Hunger",-3
"Shinobi Kote(Heaven)","61875z","Fatalis Strg Wng",1,"Guild Ticket",1,"Monster Broth",5,"Rathian Scale+",5,20,0,2,1,-6,61875,"Male/Female","Blade/Gunner",7,1,1,"---","Protection",2,"Worry",2,"Hunger",3,"Throw",2,"Faint",-2
"Shinobi Kote (Earth)","61875z","Fatalis Strg Wng",1,"Guild Ticket",1,"Monster Broth",5,"Rathian Scale+",5,20,2,4,2,-5,61875,"Male/Female","Blade/Gunner",7,1,1,"---","Protection",2,"Worry",2,"Hunger",3,"Flute",2,"Faint",-2
"Guild Knight GlovesS","61875z","Pure Crystal",1,"Guild Ticket",1,"Egg Ticket",5,"Alluring Hide",3,20,0,0,0,0,61875,"Male","Blade/Gunner",7,1,1,"---","Protection",2,"Fate",3,"Gluttony",2,"Alchemy",2,"Poison",-2
"Guild Knight SleeveS","61875z","Pure Crystal",1,"Guild Ticket",1,"Egg Ticket",5,"Alluring Hide",3,20,0,0,0,0,61875,"Male","Blade/Gunner",7,1,1,"---","Protection",2,"Fate",3,"Gluttony",2,"Alchemy",2,"Poison",-2
"Maiden's Sleeves S","61875z","Pure Crystal",1,"Guild Ticket",1,"Egg Ticket",5,"Alluring Hide",3,20,0,0,0,0,61875,"Female","Blade/Gunner",7,1,1,"---","Protection",2,"Fate",3,"Gluttony",2,"Alchemy",2,"Poison",-2
"Personal Sleeves S","61875z","Pure Crystal",1,"Guild Ticket",1,"Egg Ticket",5,"Alluring Hide",3,20,0,0,0,0,61875,"Female","Blade/Gunner",7,1,1,"---","Protection",2,"Fate",3,"Gluttony",2,"Alchemy",2,"Poison",-2
"Rathian Heart BraceS","48375z","Pnk Rathian Rby",1,"Pnk Rathian Cpc",2,"Pnk Rathian Scl",4,"Carbalite Ore",3,36,2,-2,-4,0,48375,"Male/Female","Blade",7,1,1,"---","Health",3,"Recovery",2,"PsychicVis",1,"Faint",-2,"Dragon Res",-3
"Rathian Heart GuardS","48375z","Pnk Rathian Rby",1,"Pnk Rathian Cpc",2,"Pnk Rathian Scl",4,"Carbalite Ore",3,19,4,0,-2,2,48375,"Male/Female","Gunner",7,1,1,"---","Health",4,"Recovery",2,"PsychicVis",1,"Faint",-4,,
"Rathalos Soul BraceS","50625z","Azure Rthlos Rby",1,"Azure Rthlos Cpc",3,"Azure Rthlos Scl",4,"Carbalite Ore",3,37,2,-1,-4,2,50625,"Male/Female","Blade",7,1,1,"---","Sharpness",3,"WindPress",4,"Hunger",-2,"Faint",-2,,
"Rathalos Soul GuardS","50625z","Azure Rthlos Rby",1,"Azure Rthlos Cpc",3,"Azur Rthlos Tail",3,"Carbalite Ore",3,20,4,2,-2,5,50625,"Male/Female","Gunner",7,1,1,"---","NormalS Up",3,"Fate",2,"PsychicVis",1,"Load",-3,"Whim",-2
"Monodevil VambracesS","59625z","Firecell Stone",2,"Wht Monoblos Hrn",3,"Wht Monoblos Spn",5,"Black Blos Shell",6,41,2,-2,-1,-1,59625,"Male/Female","Blade",7,1,1,"---","WindPress",4,"Faint",4,"Hunger",-3,,,,
"Monodevil Guards S","59625z","Firecell Stone",2,"Wht Monoblos Hrn",3,"Wht Monoblos Spn",5,"Black Blos Shell",6,21,4,0,0,2,59625,"Male/Female","Gunner",7,1,1,"---","WindPress",4,"Faint",4,"Hunger",-3,,,,
"Auroros GauntletHaku","61875z","LaoS Heavy Shell",1,"Lao-Shan Scale+",5,"Azre Rthlos Scl+",3,"Commendation",3,42,-2,0,-4,2,61875,"Male","Blade",7,1,1,"---","Rec Speed",2,"Attack",3,"All Res Up",3,"Defense",-3,,
"Genesis GauntletHaku","61875z","LaoS Heavy Shell",1,"Lao-Shan Scale+",5,"Azre Rthlos Scl+",3,"Commendation",3,21,1,2,-2,3,61875,"Male","Gunner",7,1,1,"---","Rec Speed",2,"Load",3,"All Res Up",1,"Defense",-5,,
"BorealisGauntletHaku","61875z","LaoS Heavy Shell",1,"Lao-Shan Scale+",5,"Azre Rthlos Scl+",3,"Commendation",3,42,-2,0,-4,2,61875,"Female","Blade",7,1,1,"---","Rec Speed",2,"Attack",3,"All Res Up",3,"Defense",-3,,
"Glyph Gauntlets Haku","61875z","LaoS Heavy Shell",1,"Lao-Shan Scale+",5,"Azre Rthlos Scl+",3,"Commendation",3,21,1,2,-2,3,61875,"Female","Gunner",7,1,1,"---","Rec Speed",2,"Load",3,"All Res Up",1,"Defense",-5,,
"Dragonclaw S","111111z","Fatalis' Gore",2,"Hrd Fatalis Crst",1,"Fatalis Hvy Shl",3,"Rathian Ruby",1,44,0,2,-5,2,111111,"Male/Female","Blade",7,1,1,"---","Rec Speed",2,"Attack",4,"Sharpness",2,"Faint",-3,,
"Dragonfist S","111111z","Fatalis' Gore",2,"Hrd Fatalis Crst",1,"Fatalis Hvy Shl",3,"Rathian Ruby",1,22,2,4,-2,4,111111,"Male/Female","Gunner",7,1,1,"---","Rec Speed",2,"Load",3,"Protection",3,"Defense",-3,,
"Auroros Gauntlet Ten","123750z","Azure LaoS Claw",1,"Azure LaoS Scale",5,"Azre Rthls Plate",1,"Commendation",3,42,-2,0,-4,2,123750,"Male","Blade",7,1,1,"---","Fencing",3,"Attack",2,"Protection",4,"Recovery",-2,,
"Genesis Gauntlet Ten","123750z","Azure LaoS Claw",1,"Azure LaoS Scale",5,"Azre Rthls Plate",1,"Commendation",3,21,1,2,-2,3,123750,"Male","Gunner",7,1,1,"---","Recoil",3,"Load",-5,"Defense",-3,,,,
"Borealis GauntletTen","123750z","Azure LaoS Claw",1,"Azure LaoS Scale",5,"Azre Rthls Plate",1,"Commendation",3,42,-2,0,-4,2,123750,"Female","Blade",7,1,1,"---","Fencing",3,"Attack",2,"Protection",4,"Recovery",-2,,
"Glyph Gauntlets Ten","123750z","Azure LaoS Claw",1,"Azure LaoS Scale",5,"Azre Rthls Plate",1,"Commendation",3,21,1,2,-2,3,123750,"Female","Gunner",7,1,1,"---","Recoil",3,"Load",-5,"Defense",-3,,,,
"Golden Moon Braces","57375z","Gld Rathian Rby",1,"Gld Rathian Shl",3,"Gld Rthian Spike",1,"Gld Rathian Scl",3,40,2,-2,0,0,57375,"Male/Female","Blade",7,1,1,"---","Fate",3,"Sharpness",2,"PsychicVis",2,"SwdShrpner",-2,"Faint",-2
"Golden Moon Guards","57375z","Gld Rathian Rby",1,"Gld Rathian Shl",3,"Gld Rthian Spike",1,"Gld Rathian Scl",3,20,4,0,0,2,57375,"Male/Female","Gunner",7,1,1,"---","Fate",2,"NormalS Up",3,"Load",-3,"Worry",-3,,
"Silver Sol Braces","61875z","Slvr Rthalos Rby",1,"Slvr Rthalos Shl",4,"Slvr Rthalos Scl",2,"Slvr Rthalos Clw",2,42,2,2,0,-1,61875,"Male/Female","Blade",7,1,1,"---","Fencing",3,"Sharpness",2,"Faint",-4,"Fate",-2,,
"Silver Sol Guards","61875z","Slvr Rthalos Rby",1,"Slvr Rthals Tail",3,"Slvr Rthalos Scl",2,"Slvr Rthalos Clw",2,21,4,5,0,2,61875,"Male/Female","Gunner",7,1,1,"---","PierceSAdd",5,"Flute",2,"Health",-4,,,,
"Fatalis Claw","222222z","Fatlis Crmsn Hrn",2,"Ft Crmsn B-Plate",1,"Fatalis Hvy Shl",3,"Rathian Ruby",1,44,0,2,-5,2,222222,"Male/Female","Blade",7,1,1,"---","Artisan",2,"All Res Up",2,"Protection",2,"Hunger",-2,"Faint",-1
"Fatalis Fist","222222z","Fatlis Crmsn Hrn",2,"Ft Crmsn B-Plate",1,"Fatalis Hvy Shl",3,"Rathian Ruby",1,22,2,4,-2,4,222222,"Male/Female","Gunner",7,1,1,"---","Rapid Fire",2,"PsychicVis",1,"All Res Up",-3,"Defense",-5,,
"Battle Vambraces U","19750z","Firecell Stone",2,"Kut-Ku Carapace",3,"Carbalite Ore",3,"Disk Stone",15,28,2,-2,0,-2,19750,"Male/Female","Blade",6,1,1,"---","PsychicVis",2,"Sharpness",2,"Sleep",-3,"Faint",-4,,
"Battle Guards U","19750z","Firecell Stone",2,"Kut-Ku Carapace",3,"Carbalite Ore",3,"Dragon Seed",2,18,4,0,2,0,19750,"Male/Female","Gunner",6,1,1,"---","PsychicVis",3,"PierceSAdd",3,"Map",2,"Health",-3,,
"Leather Vambraces*","150z",,,,,,,,,1,2,0,0,0,150,"Male/Female","Blade/Gunner",1,1,1,"---",,,,,,,,,,
"Basarios Vambraces","3350z","Basarios Shell",3,"Machalite Ore",5,"Poison Sac",3,"Whetstone",20,16,0,2,-2,2,3350,"Male/Female","Blade",3,1,1,"---","Defense",2,"Sleep",2,"Poison",2,"PsychicVis",3,,
"Basarios Guards","3350z","Basarios Shell",3,"Machalite Ore",5,"Poison Sac",3,"Whetstone",20,8,2,4,0,4,3350,"Male/Female","Gunner",3,1,1,"---","Defense",2,"Sleep",2,"Poison",2,"PsychicVis",3,,
"Makluva Sleeves","1150z","Springnight Carp",2,"Pin Tuna",30,"Cephalos Scale",8,"Book of Combos 1",1,10,0,0,0,3,1150,"Male/Female","Blade/Gunner",5,1,1,"---","MixSucRate",9,"Alchemy",2,,,,,,
"Velociprey Gloves","750z","Velocidrome Claw",2,"Velociprey Hide",15,"Velociprey Scale",15,,,8,0,0,0,0,750,"Male/Female","Blade/Gunner",5,1,1,"---","Faint",3,"Fate",3,"PsychicVis",2,"Whim",-2,,
"Genprey Gloves","750z","Genprey Fang",20,"Genprey Hide",15,"Genprey Scale",15,,,8,0,0,0,0,750,"Male/Female","Blade/Gunner",5,1,1,"---","Paralysis",3,"Whim",3,"PsychicVis",2,"MixSucRate",-2,,
"Ioprey Gloves","750z","Ioprey Fang",20,"Ioprey Hide",15,"Ioprey Scale",15,,,8,0,0,0,0,750,"Male/Female","Blade/Gunner",5,1,1,"---","Poison",3,"PsychicVis",3,"Health",-2,,,,
"Mosswine Gloves","100z","Plesioth Coin",1,"Bullfango Pelt",3,,,,,1,0,0,0,0,100,"Male/Female","Blade/Gunner",5,1,1,"---","Gluttony",5,"Health",2,"Hunger",-2,,,,
"Kirin Longarms","13875z","Kirin Hide",1,"Flabby Hide",2,"Rubbery Hide",3,"Thunderbug",2,21,0,4,0,0,13875,"Male/Female","Blade",5,1,1,"---","All Res Up",2,"Recovery",2,"Protection",2,"Fate",1,,
"Kirin Gloves","13875z","Kirin Hide",1,"Flabby Hide",2,"Rubbery Hide",3,"Thunderbug",2,10,2,6,0,2,13875,"Male/Female","Gunner",5,1,1,"---","All Res Up",2,"Recovery",2,"Protection",2,"Shot Mix",1,,
"Garuga Vambraces","16750z","Garuga Scale",5,"Garuga Shell",5,"Garuga Wing",1,"Sm Monster Bone",7,26,2,2,0,0,16750,"Male/Female","Blade",5,1,1,"---","Sharpness",3,"Spc Attack",2,"PsychicVis",2,"SwdShrpner",-2,,
"Garuga Guards","16750z","Garuga Scale",5,"Garuga Shell",5,"Garuga Wing",1,"Sm Monster Bone",7,14,3,3,0,2,16750,"Male/Female","Gunner",5,1,1,"---","PelletS Up",2,"Health",2,"PsychicVis",2,"MixSucRate",-3,,
"Velociprey Braces D","7750z","WhtVeloprySclPc",3,"Iron Ore",5,"Kelbi Hide",1,"Blk Gravios Crst",3,20,1,1,-1,1,7750,"Male/Female","Blade",3,1,1,"---","Gluttony",2,"WideEffect",2,"PsychicVis",2,"Poison",-3,,
"Velociprey Guards D","7750z","WhtVeloprySclPc",3,"Iron Ore",5,"Kelbi Hide",1,"Blk Gravios Crst",3,10,3,3,0,3,7750,"Male/Female","Gunner",3,1,1,"---","Gluttony",2,"WideEffect",2,"PsychicVis",2,"Health",-3,,
"Kut-Ku Vambraces D","1650z","Blue Kut-Ku Scl",3,"Blue Kut-Ku Shl",5,"Kelbi Hide",5,"Sm Monster Bone",3,12,2,0,-1,-2,1650,"Male/Female","Blade",3,1,1,"---","Attack",4,"Whim",2,"Health",2,"Water Res",-3,,
"Kut-Ku Guards D","1650z","Blue Kut-Ku Scl",3,"Blue Kut-Ku Shl",5,"Kelbi Hide",5,"Sm Monster Bone",3,6,5,3,0,1,1650,"Male/Female","Gunner",3,1,1,"---","Attack",4,"Whim",2,"Health",2,"Water Res",-3,,
"Plesioth Vambraces D","4150z","GrnPlesiothSclPc",2,"Monster Fluid",1,"Cephalos Scale",3,"GrnPlesiothFinPc",1,17,-4,-4,0,4,4150,"Male/Female","Blade",3,1,1,"---","Attack",2,"Fishing",3,"Whim",3,"PsychicVis",3,,
"Plesioth Guards D","4150z","GrnPlesiothSclPc",2,"Monster Fluid",1,"Cephalos Scale",3,"GrnPlesiothFinPc",1,9,-2,-2,1,6,4150,"Male/Female","Gunner",3,1,1,"---","Attack",2,"Fishing",3,"Whim",3,"PsychicVis",3,,
"Gravios Vambraces D","7750z","Blk Gravios Crst",6,"Med Monster Bone",3,"Machalite Ore",4,"Flame Sac",1,20,2,2,0,-2,7750,"Male/Female","Blade",3,1,1,"---","Health",3,"Heat Res",2,"Map",2,"PsychicVis",2,"Gathering",-2
"Gravios Guards D","7750z","Blk Gravios Crst",6,"Med Monster Bone",3,"Machalite Ore",4,"Flame Sac",1,10,4,3,0,1,7750,"Male/Female","Gunner",3,1,1,"---","Health",2,"Heat Res",2,"Protection",3,"PsychicVis",2,,
"Basarios Vambraces+","16750z","Basarios Wing",1,"Basarios Shell",3,"Poison Sac",3,"Earth Crystal",10,26,0,2,-2,2,16750,"Male/Female","Blade",4,1,1,"---","Defense",2,"Poison",2,"Sleep",2,"PsychicVis",3,"Protection",-1
"Basarios Guards+","16750z","Basarios Wing",1,"Basarios Shell",3,"Poison Sac",3,"Earth Crystal",10,14,2,4,0,4,16750,"Male/Female","Gunner",4,1,1,"---","Defense",2,"Poison",2,"Sleep",2,"PsychicVis",3,"Protection",-1
"Makluva Sleeves+","2850z","Speartuna",1,"Springnight Carp",3,"Cephalos Scale",8,"Book of Combos 1",1,15,0,0,0,3,2850,"Male/Female","Blade/Gunner",5,1,1,"---","MixSucRate",5,"Water Res",3,"Alchemy",1,"Heat Res",-2,,
"Velociprey Gloves+","1950z","Monster Bone+",1,"Velocidrome Claw",3,"Velociprey Hide",15,"BmboFlynMealPass",1,13,0,0,0,0,1950,"Male/Female","Blade/Gunner",5,1,1,"---","Faint",4,"Fate",2,"PsychicVis",2,"Whim",-2,,
"Genprey Gloves+","1950z","Monster Bone+",1,"Genprey Fang",20,"Gendrome Hide",2,"Genprey Scale",15,13,0,0,0,0,1950,"Male/Female","Blade/Gunner",5,1,1,"---","Paralysis",4,"Whim",2,"PsychicVis",2,"MixSucRate",-2,,
"Ioprey Gloves+","1950z","Monster Bone+",1,"Ioprey Fang",20,"Iodrome Hide",2,"Ioprey Scale",15,13,0,0,0,0,1950,"Male/Female","Blade/Gunner",5,1,1,"---","Poison",4,"PsychicVis",3,"Map",3,"Health",-1,,
"Mosswine Gloves+","1350z","Monster Bone+",1,"Mosswine Hide",1,"Bullfango Pelt",8,,,11,0,0,0,0,1350,"Male/Female","Blade/Gunner",5,1,1,"---","Gluttony",3,"Health",3,"Hunger",-2,,,,
"Kirin Longarms+","37125z","Kirin Hide+",1,"Kirin Hide",3,"Rubbery Hide",3,"Thunderbug",3,31,0,4,0,0,37125,"Male/Female","Blade",5,1,1,"---","All Res Up",2,"Recovery",2,"Fate",2,"PsychicVis",3,"Cold Res",-2
"Kirin Gloves+","37125z","Kirin Hide+",1,"Kirin Hide",3,"Rubbery Hide",3,"Thunderbug",3,15,2,6,0,2,37125,"Male/Female","Gunner",5,1,1,"---","All Res Up",2,"Recovery",2,"Fate",2,"PsychicVis",3,"Cold Res",-2
"Kut-Ku Vambraces K","10750z","BluKutKuCarapace",5,"SmlBlueKut-KuEar",2,"Dragonite Ore",3,"Lg Monster Bone",2,22,2,0,-1,-2,10750,"Male/Female","Blade",4,1,1,"---","Attack",3,"BombStrUp",2,"PsychicVis",2,"Defense",-2,,
"Kut-Ku Guards K","10750z","BluKutKuCarapace",5,"SmlBlueKut-KuEar",2,"Dragonite Ore",3,"Lg Monster Bone",2,14,5,3,0,1,10750,"Male/Female","Gunner",4,1,1,"---","Attack",3,"PsychicVis",2,"Health",-2,,,,
"Plesioth Vambraces K","18250z","Grn Plesioth Fin",2,"Bomb Arrowana",5,"Cephalos Scale",2,"GrnPlesiothSclPc",4,27,-4,-4,0,4,18250,"Male/Female","Blade",4,1,1,"---","Attack",3,"Protection",3,"Fate",2,"Guard",-2,,
"Plesioth Guards K","18250z","Grn Plesioth Fin",2,"Bomb Arrowana",5,"Cephalos Scale",2,"GrnPlesiothSclPc",4,15,-2,-2,1,6,18250,"Male/Female","Gunner",4,1,1,"---","Attack",3,"Protection",2,"Fate",3,"PsychicVis",1,"Health",-2
"Gravios Vambraces K","23250z","Blk Gravios Shl",2,"Blk Gravios Crst",5,"Lg Monster Bone",5,"King Scarab",3,30,2,2,0,-2,23250,"Male/Female","Blade",4,1,1,"---","Health",1,"Heat Res",3,"Flute",2,"Sharpness",2,"Gathering",-3
"Gravios Guards K","23250z","Blk Gravios Shl",2,"Blk Gravios Crst",5,"Lg Monster Bone",5,"King Scarab",3,15,4,3,0,1,23250,"Male/Female","Gunner",4,1,1,"---","Health",3,"Heat Res",2,"Protection",3,"Gathering",-3,,
"Basarios Vambraces S","32250z","Basrios Carapace",3,"Dragonite Ore",5,"Toxin Sac",3,"Union Ore",6,36,0,2,-2,2,32250,"Male/Female","Blade",6,1,1,"---","Defense",3,"Worry",2,"Heat Res",2,"PsychicVis",2,"Protection",-2
"Basarios Guards S","32250z","Basrios Carapace",3,"Dragonite Ore",5,"Toxin Sac",3,"Union Ore",6,19,2,4,0,4,32250,"Male/Female","Gunner",6,1,1,"---","Defense",3,"Worry",2,"BmbShotAdd",2,"Protection",-2,"Load",-1
"Makluva Sleeves S","7750z","Cephalos Scale+",8,"Springnight Carp",4,"Speartuna",1,"Book of Combos 1",1,20,0,0,0,3,7750,"Male/Female","Blade/Gunner",7,1,1,"---","MixSucRate",5,"Protection",3,"Heat Res",-3,,,,
"Velociprey Gloves S","4950z","Velociprey Hide+",15,"Velociprey Scle+",10,"Velocidrome Claw",3,,,18,0,0,0,0,4950,"Male/Female","Blade/Gunner",7,1,1,"---","Faint",4,"Fate",2,"Flute",3,"Whim",-2,,
"Genprey Gloves S","4950z","Genprey Hide+",15,"Genprey Scale+",10,"Gendrome Hide",2,,,18,0,0,0,0,4950,"Male/Female","Blade/Gunner",7,1,1,"---","Paralysis",4,"Whim",2,"WideEffect",3,"MixSucRate",-2,,
"Ioprey Gloves S","4950z","Ioprey Hide+",15,"Ioprey Scale+",10,"Iodrome Hide",2,,,18,0,0,0,0,4950,"Male/Female","Blade/Gunner",7,1,1,"---","Poison",4,"PsychicVis",2,"Map",2,"Health",-3,,
"Mosswine Gloves S","3350z","Carbalite Ore",1,"Mosswine Hide",2,"Bullfango Pelt",3,,,16,0,0,0,0,3350,"Male/Female","Blade/Gunner",7,1,1,"---","Gluttony",5,"Fate",2,"Hunger",-2,,,,
"Kirin Longarms S","59625z","SpecialKirinHide",1,"Kirin Hide+",3,"Rubbery Hide+",2,"Thunderbug",6,41,0,4,0,0,59625,"Male/Female","Blade",7,1,1,"---","All Res Up",2,"Recovery",2,"Artisan",2,"PsychicVis",2,"Cold Res",-2
"Kirin Gloves S","59625z","SpecialKirinHide",1,"Kirin Hide+",3,"Rubbery Hide+",2,"Thunderbug",6,21,2,6,0,2,59625,"Male/Female","Gunner",7,1,1,"---","All Res Up",2,"Recovery",2,"PierceS Up",2,"PsychicVis",2,"Cold Res",-2
"Garuga Vambraces S","32250z","Garuga Carapace",5,"StrongGarugaWing",1,"Garuga Shell",5,"Hrd Monster Bone",2,36,2,2,0,0,32250,"Male/Female","Blade",7,1,1,"---","Sharpness",3,"HearProtct",3,"PsychicVis",2,"Recovery",-2,,
"Garuga Guards S","32250z","Garuga Carapace",5,"StrongGarugaWing",1,"Garuga Shell",5,"Hrd Monster Bone",2,19,3,3,0,2,32250,"Male/Female","Gunner",7,1,1,"---","NormalS Up",2,"Spc Attack",2,"PsychicVis",2,"MixSucRate",-3,,
"Chain Vambraces U","4150z","Rainbow Ore",3,"Carbalite Ore",2,"Machalite Ore",15,,,17,2,-2,0,2,4150,"Male/Female","Blade/Gunner",6,1,1,"---","Gathering",3,"Protection",2,"Artisan",2,"PsychicVis",2,,
"Vespoid Vambraces U","23250z","Rainbow Insect",2,"Vspoid Razorwing",3,"Vespoid Carapace",3,"Nova Crystal",1,30,-6,2,2,-5,23250,"Male/Female","Blade",6,1,1,"---","Poison",2,"Wide Rec",2,"PsychicVis",3,"Whim",-2,,
"Vespoid Guards U","23250z","Rainbow Insect",2,"Vspoid Razorwing",3,"Vespoid Carapace",3,"Vespoid Abdomen",1,16,-5,5,2,-4,23250,"Male/Female","Gunner",6,1,1,"---","Poison",2,"Recovery",2,"PsychicVis",3,"Whim",-2,,
"Hornet Vambraces U","23250z","Rainbow Insect",2,"Hornet Razorwing",3,"Hornet Carapace",3,"Union Ore",4,30,-6,-5,2,-1,23250,"Male/Female","Blade",6,1,1,"---","Fate",2,"Guard",2,"Dragon Res",2,"Gathering",3,"Worry",-2
"Hornet Guards U","23250z","Rainbow Insect",2,"Hornet Razorwing",3,"Hornet Carapace",3,"Union Ore",4,15,-5,-3,3,2,23250,"Male/Female","Gunner",6,1,1,"---","Fate",2,"Health",2,"Dragon Res",2,"Gathering",3,"Worry",-2
"Shinobi Kote (Sky)","61875z","Rainbow Ore",2,"Fatalis Strg Wng",1,"Guild Ticket",1,"Rathian Carapace",3,20,0,2,1,-6,61875,"Male/Female","Blade/Gunner",7,1,1,"---","PsychicVis",3,"Hunger",2,"Spc Attack",2,"Whim",-2,,
"Shinobi Kote (Sea)","61875z","Rainbow Ore",2,"Fatalis Strg Wng",1,"Guild Ticket",1,"Rathian Carapace",3,20,2,4,2,-5,61875,"Male/Female","Blade/Gunner",7,1,1,"---","PsychicVis",3,"Hunger",2,"Spc Attack",2,"Whim",-2,,
"Genprey Vambraces U","24750z","Rainbow Insect",2,"Genprey Scale+",4,"Carbalite Ore",5,"Small Goldenfish",4,31,2,3,-1,-2,24750,"Male/Female","Blade",6,1,1,"---","Paralysis",3,"SwdShrpner",2,"Protection",2,"MixSucRate",-2,,
"Genprey Guards U","24750z","Rainbow Insect",2,"Genprey Scale+",4,"Carbalite Ore",5,"Small Goldenfish",4,19,4,5,0,0,24750,"Male/Female","Gunner",6,1,1,"---","Paralysis",3,"NormalS Up",3,"PsychicVis",2,"Load",-1,,
"Ioprey Vambraces U","27750z","Rainbow Insect",2,"Ioprey Scale+",4,"Carbalite Ore",5,"Blk Gravios Crst",3,33,3,-2,-1,2,27750,"Male/Female","Blade",6,1,1,"---","Poison",3,"Health",2,"Spc Attack",3,"PsychicVis",1,"Whim",-2
"Ioprey Guards U","27750z","Rainbow Insect",2,"Ioprey Scale+",4,"Carbalite Ore",5,"Blk Gravios Crst",3,19,5,0,0,4,27750,"Male/Female","Gunner",6,1,1,"---","Poison",3,"BmbShotAdd",3,"PsychicVis",1,"Health",-1,,
"Steel Vambraces U","26250z","Rainbow Ore",3,"Pure Crystal",1,"Nova Crystal",2,"Dragonite Ore",10,32,2,-2,0,2,26250,"Male/Female","Blade",6,1,1,"---","MixSucRate",3,"PsychicVis",4,"Defense",-3,,,,
"Basarios Vambraces U","32250z","Basrios Carapace",3,"Carbalite Ore",5,"Toxin Sac",3,"Machalite Ore",20,36,0,2,-2,2,32250,"Male/Female","Blade",6,1,1,"---","Defense",2,"Poison",2,"Guard",2,"Protection",-2,,
"Basarios Guards U","32250z","Basrios Carapace",3,"Carbalite Ore",5,"Toxin Sac",3,"Machalite Ore",20,19,2,4,0,4,32250,"Male/Female","Gunner",6,1,1,"---","Defense",2,"Shot Mix",2,"ClustS Add",2,"Protection",-2,"Load",-2
