"Name","Price","Material 1","Amount","Material 2","Amount","Material 3","Amount","Material 4","Amount","Defense","Fire Res","Thunder Res","Dragon Res","Water Res","Ice Res","Gender","Hunter Type","Rarity","HR","Elder*","Slots","Skill 1","Skill Point","Skill 2","Skill Point","Skill 3","Skill Point","Skill 4","Skill Point","Skill 5","Skill Point"
,,,,,,,,,,,,,,,,,,,,,,,,,,,,,,,
"Leather Helm","150z","Kelbi Hide",1,,,,,,,1,2,0,0,0,150,"Male/Female","Blade/Gunner",1,1,1,"---","Throw",9,"Whim",1,"PsychicVis",5,,,,
"Chain Helm","300z","Iron Ore",2,"Sm Monster Bone",2,,,,,2,2,-2,0,2,300,"Male/Female","Blade/Gunner",1,1,1,"---","Gathering",5,"PsychicVis",4,,,,,,
"Hunter's Helm","450z","Iron Ore",2,"Bullfango Pelt",1,"Kelbi Hide",2,,,4,0,-4,0,0,450,"Male/Female","Blade/Gunner",1,1,1,"---","Fishing",4,"Health",2,"Defense",2,"Alchemy",2,,
"Hunter's Cap","450z","Iron Ore",2,"Bullfango Pelt",1,"Kelbi Hide",2,,,3,2,-2,0,2,450,"Male/Female","Blade/Gunner",1,1,1,"---","Fishing",7,"Health",2,"Defense",2,"Alchemy",2,,
"Velociprey Helm","750z","Velociprey Scale",2,"Earth Crystal",1,"Kelbi Hide",1,,,8,1,1,-1,1,750,"Male/Female","Blade/Gunner",2,1,1,"---","Faint",5,"PsychicVis",2,"Worry",-2,"Poison",-2,,
"Velociprey Cap","750z","Velociprey Scale",2,"Earth Crystal",1,"Kelbi Hide",1,,,4,3,3,0,3,750,"Male/Female","Blade/Gunner",2,1,1,"---","Faint",9,"PsychicVis",2,"Worry",-2,"Poison",-2,,
"Genprey Helm","1350z","Genprey Scale",4,"Iron Ore",4,"Sm Monster Bone",2,,,11,2,3,-1,-2,1350,"Male/Female","Blade/Gunner",2,1,1,"---","Paralysis",5,"PsychicVis",4,,,,,,
"Genprey Cap","1350z","Genprey Scale",4,"Iron Ore",4,"Sm Monster Bone",2,,,6,4,5,0,0,1350,"Male/Female","Blade/Gunner",2,1,1,"---","Paralysis",9,"PsychicVis",4,,,,,,
"Ioprey Helm","1950z","Ioprey Scale",6,"Iron Ore",3,"Small Bone Husk",5,,,13,3,-2,-1,2,1950,"Male/Female","Blade/Gunner",2,1,1,"---","Poison",5,"PsychicVis",4,,,,,,
"Ioprey Cap","1950z","Ioprey Scale",6,"Iron Ore",3,"Small Bone Husk",5,,,7,5,0,0,4,1950,"Male/Female","Blade/Gunner",2,1,1,"---","Poison",9,"PsychicVis",4,,,,,,
"Rathian Helm","3350z","Rathian Scale",3,"Rathian Shell",2,"Machalite Ore",3,"Iron Ore",5,16,2,-2,-4,0,3350,"Male/Female","Blade/Gunner",3,1,1,"---","Health",5,"PsychicVis",2,"Worry",-4,,,,
"Rathian Cap","3350z","Rathian Scale",3,"Rathian Shell",2,"Machalite Ore",3,"Iron Ore",5,8,4,0,-2,2,3350,"Male/Female","Blade/Gunner",3,1,1,"---","Health",5,"PsychicVis",5,"Worry",-4,,,,
"Cephalos Helm","2350z","Cephalos Fin",1,"Cephalos Scale",2,"Machalite Ore",3,,,14,-3,-4,0,2,2350,"Male/Female","Blade/Gunner",3,1,1,"---","Heat Res",5,"PsychicVis",2,"Worry",-2,"Poison",-2,,
"Cephalos Cap","2350z","Cephalos Fin",1,"Cephalos Scale",2,"Machalite Ore",3,,,8,-1,-2,1,5,2350,"Male/Female","Blade/Gunner",3,1,1,"---","Heat Res",5,"PsychicVis",2,"Worry",-2,"Poison",-2,,
"Battle Helm","750z","Disk Stone",2,"Iron Ore",5,"Earth Crystal",2,"Whetstone",2,8,2,-2,0,-2,750,"Male/Female","Blade/Gunner",2,1,1,"---","Guard",4,"Health",2,"Defense",2,,,,
"Battle Cap","750z","Disk Stone",2,"Iron Ore",5,"Huskberry",10,"Small Bone Husk",2,5,4,0,2,0,750,"Male/Female","Blade/Gunner",2,1,1,"---","Load",2,,,,,,,,
"Monoblos Helm","4950z","Crimson Horn",1,"Monoblos Shell",2,"Machalite Ore",5,"Ioprey Hide",5,18,2,-2,-1,-1,4950,"Male/Female","Blade/Gunner",3,1,1,"---","Attack",5,"Paralysis",2,"Hunger",-4,,,,
"Monoblos Cap","4950z","Crimson Horn",1,"Monoblos Shell",2,"Machalite Ore",5,"Ioprey Hide",5,9,4,0,0,2,4950,"Male/Female","Blade/Gunner",3,1,1,"---","Attack",5,"Paralysis",4,"Fate",2,"Hunger",-4,,
"Bone Helm","650z","Unknown Skull",1,"Bullfango Pelt",1,"Kut-Ku Scale",1,,,7,2,-2,-2,2,650,"Male/Female","Blade/Gunner",2,1,1,"---","StealNoEff",5,"Hunger",2,"Backpackng",2,"Worry",-2,,
"Bone Cap","650z","Unknown Skull",1,"Bullfango Pelt",1,"Kut-Ku Scale",1,,,4,5,0,0,5,650,"Male/Female","Blade/Gunner",2,1,1,"---","StealNoEff",9,"Hunger",2,"Worry",-4,,,,
"Gypceros Helm","2350z","Rubbery Hide",2,"Antiseptic Stone",2,"Genprey Hide",5,"Earth Crystal",5,14,-4,4,0,1,2350,"Male/Female","Blade/Gunner",3,1,1,"---","Wide Cntr",5,"Health",4,"Wide Rec",1,"Fate",-1,,
"Gypceros Cap","2350z","Rubbery Hide",2,"Antiseptic Stone",2,"Genprey Hide",5,"Earth Crystal",5,7,-1,6,0,4,2350,"Male/Female","Blade/Gunner",3,1,1,"---","Wide Cntr",9,"Health",4,"Wide Rec",1,"Fate",-1,,
"Rathalos Helm","4150z","Rathalos Wing",1,"Rathalos Scale",3,"Machalite Ore",3,,,17,2,2,-4,-1,4150,"Male/Female","Blade/Gunner",3,1,1,"---","Attack",5,"Fire Res",2,"Worry",-2,"Dragon Res",-2,,
"Rathalos Cap","4150z","Rathalos Wing",1,"Rathalos Scale",3,"Machalite Ore",3,,,9,4,5,-2,2,4150,"Male/Female","Blade/Gunner",3,1,1,"---","Attack",5,"Fire Res",2,"PsychicVis",3,"Worry",-2,"Dragon Res",-2
"Gravios Helm+","23250z","Gravios Carapace",1,"Gravios Head",1,"Lg Monster Bone",3,"Ioprey Hide",5,30,2,2,-2,-2,23250,"Male/Female","Blade/Gunner",4,1,1,"---","Health",2,"Heat Res",3,"Hunger",-2,"Faint",-4,,
"Gravios Cap+","23250z","Gravios Carapace",1,"Gravios Head",1,"Lg Monster Bone",3,"Ioprey Hide",5,15,4,3,0,1,23250,"Male/Female","Blade/Gunner",4,1,1,"---","Health",2,"Heat Res",3,"PsychicVis",5,"Hunger",-2,,
"Hi-Metal Helm+","7750z","Nova Crystal",1,"Dragonite Ore",8,"Machalite Ore",10,"Monster Bone+",1,20,-2,3,0,-2,7750,"Male/Female","Blade/Gunner",4,1,1,"---","Health",4,"ThunderRes",3,"Paralysis",2,"Water Res",-2,,
"Hi-Metal Cap+","7750z","Nova Crystal",1,"Dragonite Ore",8,"Machalite Ore",10,"Monster Bone+",1,13,0,5,0,0,7750,"Male/Female","Blade/Gunner",4,1,1,"---","Health",4,"NormalS Up",4,"ThunderRes",3,"Paralysis",2,"Water Res",-2
"Diablo Helm+","19750z","Diablos Spine",3,"Majestic Horn",1,"Diablos Shell",4,"Gendrome Hide",2,28,3,1,0,-1,19750,"Male/Female","Blade/Gunner",4,1,1,"---","WindPress",5,"Attack",2,"Hunger",-4,,,,
"Diablo Cap+","19750z","Diablos Spine",3,"Majestic Horn",1,"Diablos Shell",4,"Gendrome Hide",2,15,5,4,0,2,19750,"Male/Female","Blade/Gunner",4,1,1,"---","WindPress",5,"Attack",2,"PsychicVis",4,"Hunger",-4,,
"Auroros Helm","16125z","Lao-Shan's Spine",1,"Lao-Shan's Scale",5,"Majestic Horn",1,"Commendation",1,22,-2,0,-4,2,16125,"Male","Blade/Gunner",5,1,1,"---","Rec Speed",2,"Guard",3,"Fire Res",3,"PsychicVis",2,,
"Genesis Headpiece","16125z","Lao-Shan's Spine",1,"Lao-Shan's Scale",5,"Majestic Horn",1,"Commendation",1,11,1,2,-2,3,16125,"Male","Blade/Gunner",5,1,1,"---","Rec Speed",2,"Load",3,"Fire Res",3,"PsychicVis",2,,
"Borealis Crown","16125z","Lao-Shan's Spine",1,"Lao-Shan's Scale",5,"Majestic Horn",1,"Commendation",1,22,-2,0,-4,2,16125,"Female","Blade/Gunner",5,1,1,"---","Rec Speed",2,"Guard",3,"Fire Res",3,"PsychicVis",2,,
"Glyph Crown","16125z","Lao-Shan's Spine",1,"Lao-Shan's Scale",5,"Majestic Horn",1,"Commendation",1,11,1,2,-2,3,16125,"Female","Blade/Gunner",5,1,1,"---","Rec Speed",2,"Load",3,"Fire Res",3,"PsychicVis",2,,
"Vespoid Helm+","7750z","Vespoid Bladefin",1,"Vespoid Wing",12,"Monster Bone+",1,"Gendrome Hide",2,20,-6,2,2,-5,7750,"Male/Female","Blade/Gunner",4,1,1,"---","Sleep",5,"Poison",2,"Paralysis",2,"Faint",-2,,
"Vespoid Cap+","7750z","Vespoid Bladefin",1,"Vespoid Shell",8,"Monster Bone+",1,"Gendrome Hide",2,13,-5,5,2,-4,7750,"Male/Female","Blade/Gunner",4,1,1,"---","Sleep",6,"Poison",2,"Paralysis",2,"Faint",-5,,
"Khezu Helm+","16750z","Pale Bone",1,"Flabby Hide",3,"King Scarab",3,"Lifepowder",2,26,-3,4,0,3,16750,"Male/Female","Blade/Gunner",4,1,1,"---","Rec Speed",2,"Wide Rec",2,"PsychicVis",5,"Fate",-2,,
"Khezu Cap+","16750z","Pale Bone",1,"Flabby Hide",3,"King Scarab",3,"Lifepowder",2,15,-1,6,0,5,16750,"Male/Female","Blade/Gunner",4,1,1,"---","Rec Speed",2,"Wide Rec",2,"PsychicVis",4,"Fate",-7,,
"Lobster Helm+","18250z","Lg Lobstershell",1,"Dragonite Ore",5,"Light Crystal",2,"Gendrome Hide",2,27,-2,-6,-2,6,18250,"Male/Female","Blade/Gunner",4,1,1,"---","Cold Res",9,"Water Res",2,"Sleep",2,"Fire Res",-2,,
"Plesioth Helm+","18250z","Monster Bone+",2,"Plesioth Scale",3,"Plesioth Fin",4,"King Scarab",3,27,-4,-4,0,4,18250,"Male/Female","Blade/Gunner",4,1,1,"---","Heat Res",3,"Hunger",2,"Water Res",2,"Sleep",2,"Fire Res",-2
"Plesioth Cap+","18250z","Monster Bone+",2,"Plesioth Scale",3,"Plesioth Fin",4,"King Scarab",3,15,-2,-2,1,6,18250,"Male/Female","Blade/Gunner",4,1,1,"---","Heat Res",3,"Hunger",2,"Water Res",2,"Sleep",2,"Fire Res",-2
"Hornet Helm+","7750z","Hornet Bladefin",2,"Hornetaur Wing",8,"Hornetaur Shell",10,"Monster Bone+",1,20,-6,-5,2,-1,7750,"Male/Female","Blade/Gunner",4,1,1,"---","Poison",5,"Paralysis",4,"Faint",-2,,,,
"Hornet Cap+","7750z","Hornet Bladefin",2,"Hornetaur Wing",8,"Hornetaur Shell",10,"Monster Bone+",1,13,-5,-3,3,2,7750,"Male/Female","Blade/Gunner",4,1,1,"---","Poison",5,"Paralysis",4,"PsychicVis",1,"Faint",-5,,
"Dragonhead","22222z","Fatalis' Eye",1,"Fatalis' Scale",3,"Fatalis' Horn",2,"Wyvern Marrow",1,24,0,2,-5,2,22222,"Male/Female","Blade/Gunner",5,1,1,"---","Rec Speed",2,"Attack",2,"WindPress",2,"PsychicVis",3,"Hunger",-2
"Dragonface","22222z","Fatalis' Eye",1,"Fatalis' Scale",3,"Fatalis' Horn",2,"Wyvern Marrow",1,12,2,4,-2,4,22222,"Male/Female","Blade/Gunner",5,1,1,"---","Rec Speed",3,"Attack",2,"WindPress",2,"PsychicVis",3,"Hunger",-2
"Guild Knight Feather","16125z","Light Crystal",1,"Lance Ticket",3,"Egg Ticket",1,"Rathalos Coin",3,10,0,0,0,0,16125,"Male","Blade/Gunner",5,1,1,"---","Gathering",2,"Whim",3,,,,,,
"Guild Knight Mask","16125z","Light Crystal",1,"Lance Ticket",3,"Egg Ticket",1,"Rathian Coin",3,10,0,0,0,0,16125,"Male","Blade/Gunner",5,1,1,"---","Gathering",2,"Whim",3,,,,,,
"Maiden's Hat","16125z","Light Crystal",1,"Lance Ticket",3,"Egg Ticket",1,"Rathalos Coin",3,10,0,0,0,0,16125,"Female","Blade/Gunner",5,1,1,"---","Gathering",2,"Whim",3,,,,,,
"Designer Glasses","16125z","Light Crystal",1,"Lance Ticket",3,"Egg Ticket",1,"Rathian Coin",3,10,0,0,0,0,16125,"Female","Blade/Gunner",5,1,1,"---","Gathering",2,"Whim",3,,,,,,
"Velociprey Mask","750z","Kut-Ku Coin",2,"Velociprey Hide",5,,,,,8,0,0,0,0,750,"Male/Female","Blade/Gunner",5,1,1,"---","Faint",3,"Fate",7,"Whim",-3,,,,
"Shinobi Mask (Sun)","16125z","Sm Lao-Shan Claw",1,"Hammer Ticket",3,"Monster Fluid",2,"Rathalos Scale",5,10,0,2,1,-6,16125,"Male/Female","Blade/Gunner",5,1,1,"---","Poison",2,"Worry",2,"Hunger",2,,,,
"Shinobi Mask (Moon)","16125z","Sm Lao-Shan Claw",1,"Hammer Ticket",3,"Monster Fluid",2,"Rathalos Scale",5,10,2,4,2,-5,16125,"Male/Female","Blade/Gunner",5,1,1,"---","Poison",2,"Worry",2,"Hunger",2,,,,
"Moss Mask","100z","Basarios Coin",1,"Bullfango Pelt",2,,,,,1,0,0,0,0,100,"Male/Female","Blade/Gunner",5,1,1,"---","Gluttony",5,"Health",2,"Hunger",-3,,,,
"Bullfango Mask","300z","Gravios Coin",1,"Bullfango Pelt",5,,,,,3,0,0,0,0,300,"Male/Female","Blade/Gunner",5,1,1,"---","Gluttony",9,,,,,,,,
"Skull Face","1350z","Unknown Skull",5,"Ancient Potion",1,"Lifecrystals",1,,,11,2,0,0,0,1350,"Male/Female","Blade/Gunner",5,1,1,"---","WideEffect",5,"Hunger",-5,,,,,,
"Hi-Metal Helm","1150z","Light Crystal",1,"Machalite Ore",4,"Iron Ore",3,,,10,-2,3,0,-2,1150,"Male/Female","Blade/Gunner",3,1,1,"---","Health",3,"ThunderRes",3,"Paralysis",2,"Water Res",-2,,
"Hi-Metal Cap","1150z","Light Crystal",1,"Machalite Ore",4,"Iron Ore",3,,,5,0,5,0,0,1150,"Male/Female","Blade/Gunner",3,1,1,"---","Health",4,"NormalS Up",4,"ThunderRes",3,"Paralysis",2,"Water Res",-2
"Khezu Helm","3350z","Flabby Hide",2,"Earth Crystal",4,"Monster Fluid",2,,,16,-3,4,0,3,3350,"Male/Female","Blade/Gunner",3,1,1,"---","Rec Speed",2,"Wide Rec",2,"PsychicVis",4,"Fire Res",-3,,
"Khezu Cap","3350z","Flabby Hide",2,"Earth Crystal",4,"Monster Fluid",2,,,9,-1,6,0,5,3350,"Male/Female","Blade/Gunner",3,1,1,"---","Rec Speed",2,"Wide Rec",2,"PsychicVis",4,"Fire Res",-3,,
"Lobster Helm","4150z","Sm Lobstershell",1,"Plesioth Scale",4,"Genprey Hide",2,,,17,-2,-6,-2,6,4150,"Male/Female","Blade/Gunner",3,1,1,"---","Cold Res",9,"Water Res",2,"Sleep",2,"Fire Res",-2,,
"Plesioth Helm","4150z","Plesioth Scale",3,"Monster Fluid",1,"Cephalos Scale",3,"Plesioth Fin",1,17,-4,-4,0,4,4150,"Male/Female","Blade/Gunner",3,1,1,"---","Hunger",3,"Water Res",2,"Sleep",2,"PsychicVis",2,"Fire Res",-2
"Plesioth Cap","4150z","Plesioth Scale",3,"Monster Fluid",1,"Cephalos Scale",3,"Plesioth Fin",1,9,-2,-2,1,6,4150,"Male/Female","Blade/Gunner",3,1,1,"---","Hunger",3,"Water Res",2,"Sleep",2,"PsychicVis",2,"Fire Res",-2
"Vespoid Helm","1150z","Vespoid Wing",5,"Iron Ore",5,"Velociprey Hide",2,,,10,-6,2,2,-5,1150,"Male/Female","Blade/Gunner",3,1,1,"---","Sleep",5,,,,,,,,
"Vespoid Cap","1150z","Vespoid Shell",2,"Iron Ore",5,"Velociprey Hide",2,,,5,-5,5,2,-4,1150,"Male/Female","Blade/Gunner",3,1,1,"---","Sleep",9,,,,,,,,
"Diablo Helm","4950z","Twisted Horn",1,"Diablos Shell",3,"Machalite Ore",3,,,18,3,1,0,-1,4950,"Male/Female","Blade/Gunner",3,1,1,"---","WindPress",4,"PsychicVis",4,"Hunger",-3,,,,
"Diablo Cap","4950z","Twisted Horn",1,"Diablos Shell",3,"Machalite Ore",3,,,10,5,4,0,2,4950,"Male/Female","Blade/Gunner",3,1,1,"---","WindPress",4,"PsychicVis",4,"Hunger",-3,,,,
"Hornet Helm","1150z","Hornetaur Wing",6,"Hornetaur Shell",2,"Machalite Ore",2,"Monster Fluid",1,10,-6,-5,2,-1,1150,"Male/Female","Blade/Gunner",3,1,1,"---","Poison",5,"PsychicVis",4,,,,,,
"Hornet Cap","1150z","Hornetaur Wing",6,"Hornetaur Shell",2,"Machalite Ore",2,"Monster Fluid",1,5,-5,-3,3,2,1150,"Male/Female","Blade/Gunner",3,1,1,"---","Poison",9,"PsychicVis",4,,,,,,
"Gravios Helm","7750z","Gravios Shell",4,"Med Monster Bone",5,"Machalite Ore",3,"Disk Stone",5,20,2,2,-2,-2,7750,"Male/Female","Blade/Gunner",3,1,1,"---","Health",2,"Heat Res",3,"PsychicVis",2,"Worry",-2,"Poison",-2
"Gravios Cap","7750z","Gravios Shell",4,"Med Monster Bone",5,"Machalite Ore",3,"Disk Stone",5,10,4,3,0,1,7750,"Male/Female","Blade/Gunner",3,1,1,"---","Health",2,"Heat Res",3,"PsychicVis",2,"Worry",-2,"Poison",-2
"Rathian Helm+","16750z","Rathian Plate",1,"Rathian Shell",4,"Rathian Claw",2,"Dragonite Ore",5,26,2,-2,-4,0,16750,"Male/Female","Blade/Gunner",4,1,1,"---","Health",5,"MixSucRate",2,"Worry",-4,,,,
"Rathian Cap+","16750z","Rathian Plate",1,"Rathian Shell",4,"Rathian Claw",2,"Dragonite Ore",5,14,4,0,-2,2,16750,"Male/Female","Blade/Gunner",4,1,1,"---","Health",5,"MixSucRate",2,"PsychicVis",4,"Worry",-4,,
"Rathalos Helm+","18250z","Rathalos Plate",1,"Rathalos Wing",1,"Rathalos Webbing",4,"Fire Stone",1,27,2,2,-4,-1,18250,"Male/Female","Blade/Gunner",4,1,1,"---","Attack",3,"Rec Speed",2,"Fire Res",2,"ThunderRes",-2,"Dragon Res",-2
"Rathalos Cap+","18250z","Rathalos Plate",1,"Rathalos Wing",1,"Rathalos Webbing",4,"Fire Stone",1,15,4,5,-2,2,18250,"Male/Female","Blade/Gunner",4,1,1,"---","Attack",3,"Rec Speed",2,"Fire Res",3,"ThunderRes",-2,"Worry",-2
"Leather Helm+","1350z","Dragonite Ore",1,"Iron Ore",6,"Kelbi Hide",4,"Monster Bone+",1,11,2,0,0,0,1350,"Male/Female","Blade/Gunner",4,1,1,"---","Throw",6,"Backpackng",3,"PsychicVis",3,"Worry",-3,,
"Chain Helm+","1650z","Dragonite Ore",1,"Iron Ore",6,"Lg Monster Bone",1,"Monster Bone+",1,12,2,-2,0,2,1650,"Male/Female","Blade/Gunner",4,1,1,"---","Gathering",5,"Gluttony",6,,,,,,
"Hunter's Helm+","2350z","Dragonite Ore",1,"Bullfango Pelt",5,"Disk Stone",4,"Monster Bone+",1,14,0,-4,0,0,2350,"Male/Female","Blade/Gunner",4,1,1,"---","Fishing",3,"Guard Up",2,"Health",3,"Defense",-3,,
"Hunter's Cap+","2350z","Dragonite Ore",1,"Bullfango Pelt",5,"Disk Stone",4,"Monster Bone+",1,13,2,-2,0,2,2350,"Male/Female","Blade/Gunner",4,1,1,"---","Fishing",7,"NormalSAdd",2,"Health",3,"Defense",-3,,
"Bone Helm+","4150z","Dragonite Ore",3,"Unknown Skull",1,"Bullfango Pelt",3,"Monster Bone+",1,17,2,-2,-2,2,4150,"Male/Female","Blade/Gunner",4,1,1,"---","StealNoEff",5,"Hunger",2,"Flute",2,"Worry",-2,,
"Bone Cap+","4150z","Dragonite Ore",3,"Unknown Skull",1,"Bullfango Pelt",3,"Monster Bone+",1,13,5,0,0,5,4150,"Male/Female","Blade/Gunner",4,1,1,"---","StealNoEff",5,"Hunger",2,"Flute",2,"Backpackng",2,"Worry",-2
"Velociprey Helm+","4950z","Dragonite Ore",2,"Velociprey Scale",4,"Machalite Ore",3,"Monster Bone+",1,18,1,1,-1,1,4950,"Male/Female","Blade/Gunner",4,1,1,"---","Faint",5,"PsychicVis",2,"Worry",-2,"Poison",-2,,
"Velociprey Cap+","4950z","Dragonite Ore",2,"Velociprey Scale",4,"Machalite Ore",3,"Monster Bone+",1,13,3,3,0,3,4950,"Male/Female","Blade/Gunner",4,1,1,"---","Faint",5,"PsychicVis",5,"Worry",-2,"Poison",-2,,
"Battle Helm+","4950z","Dragonite Ore",3,"Kut-Ku Scale",6,"Earth Crystal",8,"Monster Bone+",1,18,2,-2,0,-2,4950,"Male/Female","Blade/Gunner",4,1,1,"---","Guard",4,"Health",2,"Defense",2,"Faint",-3,,
"Battle Cap+","4950z","Dragonite Ore",3,"Kut-Ku Scale",6,"Small Bone Husk",8,"Monster Bone+",1,13,4,0,2,0,4950,"Male/Female","Blade/Gunner",4,1,1,"---","Load",3,"PsychicVis",2,"Health",-3,"Protection",-2,,
"Genprey Helm+","9250z","Dragonite Ore",3,"Genprey Scale",5,"Genprey Hide",4,"Monster Bone+",1,21,2,3,-1,-2,9250,"Male/Female","Blade/Gunner",4,1,1,"---","Paralysis",5,"MixSucRate",2,"PsychicVis",4,,,,
"Genprey Cap+","9250z","Dragonite Ore",3,"Genprey Scale",5,"Genprey Hide",4,"Monster Bone+",1,14,4,5,0,0,9250,"Male/Female","Blade/Gunner",4,1,1,"---","Paralysis",5,"MixSucRate",2,"PsychicVis",5,,,,
"Ioprey Helm+","12250z","Dragonite Ore",3,"Ioprey Scale",4,"Machalite Ore",7,"Monster Bone+",2,23,3,-2,-1,2,12250,"Male/Female","Blade/Gunner",4,1,1,"---","Poison",5,"PsychicVis",4,,,,,,
"Ioprey Cap+","12250z","Dragonite Ore",3,"Ioprey Scale",4,"Machalite Ore",7,"Monster Bone+",2,14,5,0,0,4,12250,"Male/Female","Blade/Gunner",4,1,1,"---","Poison",9,"PsychicVis",4,,,,,,
"Gypceros Helm+","13750z","Monster Bone+",2,"Rubbery Hide",4,"Antiseptic Stone",3,"Gendrome Hide",1,24,-4,4,0,1,13750,"Male/Female","Blade/Gunner",4,1,1,"---","Wide Cntr",5,"Health",4,"Wide Rec",1,"Fate",-1,,
"Gypceros Cap+","13750z","Monster Bone+",2,"Rubbery Hide",4,"Antiseptic Stone",3,"Gendrome Hide",1,14,-1,6,0,4,13750,"Male/Female","Blade/Gunner",4,1,1,"---","Wide Cntr",9,"Health",4,"Wide Rec",1,"Fate",-1,,
"Cephalos Helm+","13750z","Union Ore",1,"Piscine Jaw",2,"Cephalos Fin",2,"Monster Bone+",2,24,-3,-4,0,2,13750,"Male/Female","Blade/Gunner",4,1,1,"---","Heat Res",5,"PsychicVis",2,"Worry",-2,"Poison",-2,,
"Cephalos Cap+","13750z","Union Ore",1,"Piscine Jaw",2,"Cephalos Fin",2,"Monster Bone+",2,14,-1,-2,1,5,13750,"Male/Female","Blade/Gunner",4,1,1,"---","Heat Res",9,"PsychicVis",2,"Worry",-2,"Poison",-2,,
"Leather Helm S","3350z","Carbalite Ore",1,"Machalite Ore",6,"Dragonite Ore",2,"Monster Bone+",1,16,2,0,0,0,3350,"Male/Female","Blade/Gunner",6,1,1,"---","HearProtct",2,"Gathering",2,"Backpackng",1,"Faint",-2,"Worry",-2
"Chain Helm S","4150z","Carbalite Ore",2,"Machalite Ore",15,,,,,17,2,-2,0,2,4150,"Male/Female","Blade/Gunner",6,1,1,"---","BombStrUp",2,"MixSucRate",3,"PsychicVis",3,"Health",-3,,
"Hunter's Helm S","13750z","Carbalite Ore",3,"Machalite Ore",10,"Monster Bone+",3,"Bullfango Pelt",2,24,0,-4,0,0,13750,"Male/Female","Blade/Gunner",6,1,1,"---","Rec Speed",3,"Fate",2,"Sharpness",3,"Sleep",-2,,
"Hunter's Cap S","13750z","Carbalite Ore",3,"Machalite Ore",10,"Monster Bone+",3,"Bullfango Pelt",2,18,2,-2,0,2,13750,"Male/Female","Blade/Gunner",6,1,1,"---","Rec Speed",3,"Fate",2,"PelletS Up",2,"PsychicVis",4,"Load",-4
"Bone Helm S","18250z","Joiner Grasshppr",2,"Master's Skull",1,"Bullfango Pelt",3,,,27,2,-2,-2,2,18250,"Male/Female","Blade/Gunner",6,1,1,"---","StealNoEff",3,"Heat Res",2,"SwdShrpner",4,"Backpackng",2,,
"Bone Cap S","18250z","Joiner Grasshppr",2,"Master's Skull",1,"Bullfango Pelt",3,,,18,5,0,0,5,18250,"Male/Female","Blade/Gunner",6,1,1,"---","StealNoEff",3,"Heat Res",2,"MixSucRate",3,"Backpackng",2,"Paralysis",-4
"Velociprey Helm S","19750z","Velociprey Scle+",2,"Velociprey Hide+",3,"Carbalite Ore",3,,,28,1,1,-1,1,19750,"Male/Female","Blade/Gunner",6,1,1,"---","Faint",4,"Sleep",2,"Health",2,"Guard",-3,,
"Velociprey Cap S","19750z","Velociprey Scle+",2,"Velociprey Hide+",3,"Carbalite Ore",3,,,18,3,3,0,3,19750,"Male/Female","Blade/Gunner",6,1,1,"---","Faint",4,"Sleep",3,"NormalS Up",5,"Load",-3,,
"Battle Helm S","19750z","Kut-Ku Carapace",2,"Pure Crystal",1,"Carbalite Ore",3,"Disk Stone",10,28,2,-2,0,-2,19750,"Male/Female","Blade/Gunner",6,1,1,"---","PsychicVis",3,"Map",2,"Guard Up",2,"Recovery",-2,,
"Battle Cap S","19750z","Kut-Ku Carapace",2,"Pure Crystal",1,"Carbalite Ore",3,"Dragon Seed",2,18,4,0,2,0,19750,"Male/Female","Blade/Gunner",6,1,1,"---","Load",5,"PsychicVis",3,"Defense",-5,,,,
"Vespoid Helm S","23250z","Vspoid Razorwing",3,"Vespoid Carapace",3,"Vespoid Bladefin",4,"King Scarab",2,30,-6,2,2,-5,23250,"Male/Female","Blade/Gunner",6,1,1,"---","Poison",3,"WideEffect",2,"Sleep",4,"Hunger",-2,,
"Vespoid Cap S","23250z","Vspoid Razorwing",3,"Vespoid Carapace",3,"Vespoid Shell",10,"Joiner Grasshppr",2,16,-5,5,2,-4,23250,"Male/Female","Blade/Gunner",6,1,1,"---","Poison",3,"WideEffect",2,"Sleep",3,"Cold Res",-4,"Hunger",-3
"Hornet Helm S","23250z","Hornet Razorwing",5,"Hornet Carapace",3,"Hornetaur Shell",6,"Joiner Grasshppr",2,30,-6,-5,2,-1,23250,"Male/Female","Blade/Gunner",6,1,1,"---","Dragon Res",5,"Fate",2,"Hunger",-4,,,,
"Hornet Cap S","23250z","Hornet Razorwing",5,"Hornet Carapace",3,"Hornetaur Shell",6,"Joiner Grasshppr",2,15,-5,-3,3,2,23250,"Male/Female","Blade/Gunner",6,1,1,"---","Dragon Res",5,"Fate",2,"PsychicVis",4,"Defense",-4,,
"Hi-Metal Helm S","23250z","Pure Crystal",1,"Carbalite Ore",3,"Joiner Grasshppr",2,"Dragonite Ore",8,30,-2,3,0,-2,23250,"Male/Female","Blade/Gunner",6,1,1,"---","Health",3,"Throw",3,"Protection",3,"Cold Res",-2,,
"Hi-Metal Cap S","23250z","Pure Crystal",1,"Carbalite Ore",3,"Joiner Grasshppr",2,"Dragonite Ore",8,18,0,5,0,0,23250,"Male/Female","Blade/Gunner",6,1,1,"---","Health",2,"PierceS Up",2,"PsychicVis",3,"Cold Res",-3,"Load",-4
"Genprey Helm S","24750z","Genprey Scale+",4,"Genprey Hide+",6,"Carbalite Ore",5,"Paralysis Sac",3,31,2,3,-1,-2,24750,"Male/Female","Blade/Gunner",6,1,1,"---","Paralysis",5,"Faint",3,"Protection",3,,,,
"Genprey Cap S","24750z","Genprey Scale+",4,"Genprey Hide+",6,"Carbalite Ore",5,"Paralysis Sac",3,19,4,5,0,0,24750,"Male/Female","Blade/Gunner",6,1,1,"---","Paralysis",3,"Faint",2,"PelletS Up",2,"PsychicVis",4,"Load",-3
"Ioprey Helm S","27750z","Ioprey Scale+",4,"Ioprey Hide+",6,"Carbalite Ore",6,"Toxin Sac",3,33,3,-2,-1,2,27750,"Male/Female","Blade/Gunner",6,1,1,"---","Poison",4,"Paralysis",1,"BombStrUp",3,"MixSucRate",-3,,
"Ioprey Cap S","27750z","Ioprey Scale+",4,"Ioprey Hide+",6,"Carbalite Ore",6,"Toxin Sac",3,19,5,0,0,4,27750,"Male/Female","Blade/Gunner",6,1,1,"---","Poison",5,"Paralysis",4,"PierceS Up",3,"Load",-3,,
"Gypceros Helm S","29250z","Rubbery Hide+",4,"Monster Broth",2,"Antiseptic Stone",8,"Gendrome Hide",3,34,-4,4,0,1,29250,"Male/Female","Blade/Gunner",6,1,1,"---","Gluttony",5,"StealNoEff",3,"Backpackng",2,"PsychicVis",1,,
"Gypceros Cap S","29250z","Rubbery Hide+",4,"Monster Broth",2,"Antiseptic Stone",8,"Gendrome Hide",3,19,-1,6,0,4,29250,"Male/Female","Blade/Gunner",6,1,1,"---","Gluttony",2,"PelletSAdd",3,"Load",-4,"Defense",-6,,
"Cephalos Helm S","29250z","Cephalos Scale+",5,"Cephalos Fin+",2,"Machalite Ore",10,"Iron Ore",20,34,-3,-4,0,2,29250,"Male/Female","Blade/Gunner",6,1,1,"---","Heat Res",3,"Guard",4,"Recovery",1,"PsychicVis",1,"Faint",-2
"Cephalos Cap S","29250z","Cephalos Scale+",5,"Cephalos Fin+",2,"Machalite Ore",10,"Iron Ore",20,19,-1,-2,1,5,29250,"Male/Female","Blade/Gunner",6,1,1,"---","Heat Res",4,"Defense",5,"Recovery",2,"Faint",-4,,
"Rathian Helm S","32250z","Rathian Ruby",1,"Rathian Scale",3,"Rathian Carapace",2,"Carbalite Ore",3,36,2,-2,-4,0,32250,"Male/Female","Blade/Gunner",6,1,1,"---","Health",3,"Protection",2,"Guard",4,"Attack",-2,,
"Rathian Cap S","32250z","Rathian Ruby",1,"Rathian Scale",3,"Rathian Carapace",2,"Carbalite Ore",3,19,4,0,-2,2,32250,"Male/Female","Blade/Gunner",6,1,1,"---","Protection",3,"Recovery",3,"Defense",4,"PsychicVis",4,"MixSucRate",-1
"Khezu Helm S","32250z","Khezu Hide - Tan",2,"Pale Khezu Steak",2,"Dragonite Ore",8,"Monster Broth",3,36,-3,4,0,3,32250,"Male/Female","Blade/Gunner",6,1,1,"---","Wide Rec",2,"HearProtct",2,"PsychicVis",4,"Faint",-2,"Protection",-1
"Khezu Cap S","32250z","Khezu Hide - Tan",2,"Pale Khezu Steak",2,"Dragonite Ore",8,"Monster Broth",3,20,-1,6,0,5,32250,"Male/Female","Blade/Gunner",6,1,1,"---","Wide Rec",4,"Defense",3,"PsychicVis",3,"Poison",-2,"Protection",-3
"Rathalos Helm S","33750z","Rathalos Ruby",1,"Rathalos Wing",1,"Rathalos Scale+",2,"Carbalite Ore",3,37,2,2,-4,-1,33750,"Male/Female","Blade/Gunner",6,1,1,"---","Sharpness",3,"Rec Speed",3,"Faint",-5,,,,
"Rathalos Cap S","33750z","Rathalos Ruby",1,"Rathalos Wing",1,"Rathalos Scale+",2,"Carbalite Ore",3,20,4,5,-2,2,33750,"Male/Female","Blade/Gunner",6,1,1,"---","PierceS Up",2,"Rec Speed",4,"Load",-4,"Fate",-3,,
"Plesioth Helm S","33750z","Plesioth Scale+",3,"Plesioth Top Fin",2,"Monster Broth",2,"Cephalos Scale+",2,37,-4,-4,0,4,33750,"Male/Female","Blade/Gunner",6,1,1,"---","Fishing",3,"Heat Res",3,"Hunger",3,"Faint",-2,,
"Plesioth Cap S","33750z","Plesioth Scale+",3,"Plesioth Top Fin",2,"Monster Broth",2,"Cephalos Scale+",2,20,-2,-2,1,6,33750,"Male/Female","Blade/Gunner",6,1,1,"---","Fishing",3,"Heat Res",3,"Hunger",3,"Faint",-6,,
"Lobster Helm S","33750z","Plesioth Scale+",1,"Gt Lobstershell",1,"Dragonite Ore",6,"Gendrome Hide",2,37,-2,-6,-2,6,33750,"Male/Female","Blade/Gunner",6,1,1,"---","Water Res",5,"Flute",4,"Worry",-2,,,,
"Diablo Helm S","35250z","Solid Blos Horn",1,"Diablos Thoracic",2,"Dragonite Ore",3,"Joiner Grasshppr",3,38,3,1,0,-1,35250,"Male/Female","Blade/Gunner",6,1,1,"---","WindPress",3,"HearProtct",2,"Hunger",-4,"Faint",-2,,
"Diablo Cap S","35250z","Solid Blos Horn",1,"Diablos Thoracic",2,"Dragonite Ore",3,"Joiner Grasshppr",3,20,5,4,0,2,35250,"Male/Female","Blade/Gunner",6,1,1,"---","WindPress",3,"HearProtct",3,"Hunger",-5,"Faint",-4,,
"Monoblos Helm S","35250z","Hrd Monster Bone",1,"Crimson Horn",2,"Monoblos Shell",2,"Fire Stone",2,38,2,-2,-1,-1,35250,"Male/Female","Blade/Gunner",6,1,1,"---","WindPress",3,"Whim",4,"Hunger",-4,,,,
"Monoblos Cap S","35250z","Hrd Monster Bone",1,"Crimson Horn",2,"Monoblos Shell",2,"Fire Stone",2,20,4,0,0,2,35250,"Male/Female","Blade/Gunner",6,1,1,"---","Health",3,"WideEffect",4,"Protection",4,"Hunger",-4,,
"Gravios Helm S","38250z","GraviosHeavyShl",5,"Gravios Carapace",5,"Hrd Monster Bone",3,"Iodrome Hide",2,40,2,2,-2,-2,38250,"Male/Female","Blade/Gunner",6,1,1,"---","Health",3,"Attack",3,"Defense",-2,"Protection",-3,,
"Gravios Cap S","38250z","GraviosHeavyShl",5,"Gravios Carapace",5,"Hrd Monster Bone",3,"Iodrome Hide",2,20,4,3,0,1,38250,"Male/Female","Blade/Gunner",6,1,1,"---","ClustS Add",2,"PsychicVis",2,"Load",-5,,,,
"Leather Helm U","3350z","Rathlos Carapace",1,"Joiner Grasshppr",2,"WhtVelopry Scale",2,,,16,3,3,1,3,3350,"Male/Female","Blade/Gunner",6,1,1,"---","Defense",4,"Spc Attack",6,"Faint",-5,,,,
"Hunter's Helm U","13750z","Rathlos Carapace",1,"Carbalite Ore",1,"Nova Crystal",1,"Blk Gravios Crst",2,24,0,-4,0,0,13750,"Male/Female","Blade/Gunner",6,1,1,"---","Map",2,"Artisan",2,"SwdShrpner",2,"Hunger",-2,"Faint",-3
"Hunter's Cap U","13750z","Rathlos Carapace",1,"Carbalite Ore",1,"Nova Crystal",1,"Blk Gravios Crst",2,18,2,-2,0,2,13750,"Male/Female","Blade/Gunner",6,1,1,"---","Map",3,"PierceS Up",2,"PsychicVis",3,"All Res Up",4,"Load",-3
"Bone Helm U","18250z","Firecell Stone",1,"Hrd Monster Bone",1,"Master's Skull",1,"Bullfango Pelt",5,27,2,-2,-2,2,18250,"Male/Female","Blade/Gunner",6,1,1,"---","Alchemy",3,"All Res Up",2,"Attack",4,"Health",-2,,
"Bone Cap U","18250z","Firecell Stone",1,"Hrd Monster Bone",1,"Master's Skull",1,"Bullfango Pelt",5,18,5,0,0,5,18250,"Male/Female","Blade/Gunner",6,1,1,"---","Alchemy",3,"All Res Up",2,"NormalS Up",1,"Protection",-2,"Load",-2
"Velociprey Helm U","38250z","WhtVelopry Scale",4,"Wht Velopry Hide",5,"Blk Gravios Cpc",3,"Carbalite Ore",2,40,1,1,-1,1,38250,"Male/Female","Blade/Gunner",6,1,1,"---","Gluttony",2,"All Res Up",3,"PsychicVis",3,"Poison",-2,,
"Velociprey Cap U","38250z","WhtVelopry Scale",4,"Wht Velopry Hide",5,"Blk Gravios Cpc",3,"Carbalite Ore",2,20,3,3,0,3,38250,"Male/Female","Blade/Gunner",6,1,1,"---","Gluttony",2,"All Res Up",2,"PierceSAdd",2,"PsychicVis",3,"Load",-2
"Hi-Metal Helm U","23250z","Basarios Tears",1,"Pure Crystal",1,"Carbalite Ore",3,"Nova Crystal",1,30,-2,3,0,-2,23250,"Male/Female","Blade/Gunner",6,1,1,"---","Health",6,"Sharpness",2,"Faint",-3,,,,
"Hi-Metal Cap U","23250z","Basarios Tears",1,"Pure Crystal",1,"Carbalite Ore",3,"Nova Crystal",1,18,0,5,0,0,23250,"Male/Female","Blade/Gunner",6,1,1,"---","Health",3,"Shot Mix",2,"Heat Res",-4,"MixSucRate",-2,,
"Gypceros Helm U","29250z","Pur Rubbery Hide",2,"Monster Broth",2,"Antiseptic Stone",8,"Gypceros Head",1,34,-4,4,0,1,29250,"Male/Female","Blade/Gunner",6,1,1,"---","Poison",3,"Recovery",2,"Defense",-2,"Hunger",-4,,
"Gypceros Cap U","29250z","Pur Rubbery Hide",2,"Monster Broth",2,"Antiseptic Stone",8,"Gypceros Head",1,19,-1,6,0,4,29250,"Male/Female","Blade/Gunner",6,1,1,"---","BmbShotAdd",5,"PsychicVis",2,"Backpackng",4,"Health",-4,,
"Cephalos Helm U","29250z","Coral Cphlos Scl",3,"Coral Cphlos Fin",4,"Carbalite Ore",3,"Iron Ore",25,34,-3,-4,0,2,29250,"Male/Female","Blade/Gunner",6,1,1,"---","Fate",3,"Fishing",2,"HearProtct",4,"Faint",-2,,
"Cephalos Cap U","29250z","Coral Cphlos Scl",3,"Coral Cphlos Fin",4,"Carbalite Ore",3,"Iron Ore",25,19,-1,-2,1,5,29250,"Male/Female","Blade/Gunner",6,1,1,"---","Fate",3,"Fishing",3,"PsychicVis",3,"Health",-4,,
"Khezu Helm U","32250z","Alluring Hide",2,"Pale Khezu Steak",1,"Monster Broth",5,"Carbalite Ore",4,36,3,4,0,-3,32250,"Male/Female","Blade/Gunner",6,1,1,"---","Rec Speed",5,"Recovery",2,"SwdShrpner",-4,,,,
"Khezu Cap U","32250z","Alluring Hide",2,"Pale Khezu Steak",1,"Monster Broth",5,"Carbalite Ore",4,20,5,6,0,-1,32250,"Male/Female","Blade/Gunner",6,1,1,"---","Wide Rec",3,"Recovery",2,"PsychicVis",3,"Load",-2,"Worry",-5
"Plesioth Helm U","33750z","Grn Plesioth Scl",2,"Grn Plesioth Fin",3,"Joiner Grasshppr",3,"Coral Cphlos Scl",1,37,-4,-4,0,4,33750,"Male/Female","Blade/Gunner",6,1,1,"---","Attack",3,"Protection",3,"Fate",3,"Guard",-2,,
"Plesioth Cap U","33750z","Grn Plesioth Scl",2,"Grn Plesioth Fin",3,"Joiner Grasshppr",3,"Coral Cphlos Scl",1,20,-2,-2,1,6,33750,"Male/Female","Blade/Gunner",6,1,1,"---","Attack",4,"Protection",2,"Fate",3,"Health",-2,,
"Diablo Helm U","35250z","TwstBlckBlosHrn",1,"Black Blos Spine",2,"Pure Crystal",2,"Joiner Grasshppr",3,38,3,1,0,-1,35250,"Male/Female","Blade/Gunner",6,1,1,"---","WindPress",4,"Fate",4,"Hunger",-3,,,,
"Diablo Cap U","35250z","TwstBlckBlosHrn",1,"Black Blos Spine",2,"Pure Crystal",2,"Joiner Grasshppr",3,20,5,4,0,2,35250,"Male/Female","Blade/Gunner",6,1,1,"---","WindPress",4,"Fate",4,"PsychicVis",4,"Hunger",-3,,
"Gravios Helm U","38250z","Blk Gravios Cpc",5,"Blk Gravios Shl",4,"Hrd Monster Bone",3,"Iodrome Hide",3,40,2,2,0,-2,38250,"Male/Female","Blade/Gunner",6,1,1,"---","Health",3,"Heat Res",2,"Fate",3,"Recovery",-2,"Hunger",-1
"Gravios Cap U","38250z","Blk Gravios Cpc",5,"Blk Gravios Shl",4,"Hrd Monster Bone",3,"Iodrome Hide",3,24,4,3,0,1,38250,"Male/Female","Blade/Gunner",6,1,1,"---","Heat Res",4,"PsychicVis",3,,,,,,
"(Torso Inc) Black Belt Helm","3300z","Kut-Ku Coin",5,"Grt Sword Ticket",1,"Hammer Ticket",1,"Lance Ticket",1,12,2,2,2,2,3300,"Male/Female","Blade/Gunner",5,1,1,"---","Torso Inc",,,,,,,,,
"Red Piercing","1150z","Light Crystal",2,"Flame Sac",1,"Ioprey Scale",10,"Gunpowder",5,10,5,0,0,0,1150,"Male/Female","Blade/Gunner",5,1,1,"---","Fire Res",9,"PsychicVis",2,,,,,,
"Blue Piercing","1150z","Light Crystal",2,"Cephalos Fin",1,"Machalite Ore",3,"Monster Fluid",3,10,0,0,0,5,1150,"Male/Female","Blade/Gunner",5,1,1,"---","Water Res",9,"PsychicVis",2,,,,,,
"Yellow Piercing","1150z","Light Crystal",2,"Electro Sac",1,"Antiseptic Stone",8,"Snakebee Larva",10,10,0,5,0,0,1150,"Male/Female","Blade/Gunner",5,1,1,"---","ThunderRes",9,"PsychicVis",2,,,,,,
"Black Piercing","1150z","Light Crystal",2,"Basarios Shell",1,"Iron Ore",20,"Hornetaur Wing",15,10,0,0,5,0,1150,"Male/Female","Blade/Gunner",5,1,1,"---","PsychicVis",9,"Backpackng",4,,,,,,
"Rathian Heart Helm","5025z","Pnk Rthian Thorn",1,"Pnk Rathian Shl",2,"Pnk Rathian Claw",1,"Machalite Ore",5,16,2,-2,-4,0,5025,"Male/Female","Blade/Gunner",5,1,1,"---","Health",2,"Fate",3,"Alchemy",3,"Paralysis",-3,,
"Rathian Heart Cap","5025z","Pnk Rthian Thorn",1,"Pnk Rathian Shl",2,"Pnk Rathian Claw",1,"Machalite Ore",5,8,4,0,-2,2,5025,"Male/Female","Blade/Gunner",5,1,1,"---","Health",2,"Fate",3,"Alchemy",3,"PsychicVis",2,"Hunger",-3
"Rathalos Soul Helm","6225z","Azur Rthlos Wing",1,"Azr Rthls Webbng",1,"Azure Rthlos Scl",5,"Machalite Ore",7,17,2,-1,-4,2,6225,"Male/Female","Blade/Gunner",5,1,1,"---","HearProtct",3,"SwdShrpner",3,"Whim",-3,,,,
"Rathalos Soul Cap","6225z","Azur Rthlos Wing",1,"Azr Rthls Webbng",1,"Azure Rthlos Scl",5,"Machalite Ore",7,9,4,2,-2,5,6225,"Male/Female","Blade/Gunner",5,1,1,"---","HearProtct",3,"Shot Mix",2,"Whim",-3,,,,
"Monodevil Helm","13875z","Wht Monoblos Hrn",1,"Wht Monoblos Spn",2,"Wht Monoblos Shl",3,"Machalite Ore",7,21,2,-2,-1,-1,13875,"Male/Female","Blade/Gunner",5,1,1,"---","Attack",3,"WindPress",3,"Hunger",-3,"Defense",-2,,
"Monodevil Cap","13875z","Wht Monoblos Hrn",1,"Wht Monoblos Spn",2,"Wht Monoblos Shl",3,"Machalite Ore",7,10,4,0,0,2,13875,"Male/Female","Blade/Gunner",5,1,1,"---","Attack",3,"WindPress",4,"Fate",3,"Hunger",-3,"Defense",-2
"Moss Mask+","1350z","Monster Bone+",1,"Mosswine Head",1,"Bullfango Pelt",8,,,11,0,0,0,0,1350,"Male/Female","Blade/Gunner",5,1,1,"---","Gluttony",3,"Health",3,"HearProtct",3,"Hunger",-3,,
"Velociprey Mask+","1950z","Monster Bone+",1,"Velocidrome Head",1,"Velociprey Hide",10,,,13,0,0,0,0,1950,"Male/Female","Blade/Gunner",5,1,1,"---","Faint",4,"Fate",4,"Whim",-3,,,,
"Bullfango Mask+","1950z","Nova Crystal",2,"Bullfango Head",1,"Bullfango Pelt",8,,,13,0,0,0,0,1950,"Male/Female","Blade/Gunner",5,1,1,"---","Gluttony",9,,,,,,,,
"Shinobi Mask (White)","39375z","Fatalis' Wing",1,"Guild Ticket",1,"Monster Broth",2,"Rathalos Webbing",5,15,0,2,1,-6,39375,"Male/Female","Blade/Gunner",5,1,1,"---","Poison",3,"Worry",2,"Hunger",2,,,,
"Shinobi Mask (Black)","39375z","Fatalis' Wing",1,"Guild Ticket",1,"Monster Broth",2,"Rathalos Webbing",5,15,2,4,2,-5,39375,"Male/Female","Blade/Gunner",5,1,1,"---","Poison",3,"Worry",2,"Hunger",2,,,,
"Guild KnightFeather+","39375z","King Scarab",3,"Guild Ticket",1,"Egg Ticket",2,"Nova Crystal",1,15,0,0,0,0,39375,"Male","Blade/Gunner",5,1,1,"---","Gathering",2,"Whim",3,"Fate",3,,,,
"Guild Knight Mask+","39375z","King Scarab",3,"Guild Ticket",1,"Egg Ticket",2,"Nova Crystal",1,15,0,0,0,0,39375,"Male","Blade/Gunner",5,1,1,"---","Gathering",2,"Whim",3,"Fate",3,,,,
"Maiden's Hat+","39375z","King Scarab",3,"Guild Ticket",1,"Egg Ticket",2,"Nova Crystal",1,15,0,0,0,0,39375,"Female","Blade/Gunner",5,1,1,"---","Gathering",2,"Whim",3,"Fate",3,,,,
"Designer Glasses+","39375z","King Scarab",3,"Guild Ticket",1,"Egg Ticket",2,"Nova Crystal",1,15,0,0,0,0,39375,"Female","Blade/Gunner",5,1,1,"---","Gathering",2,"Whim",3,"Fate",3,,,,
"Red Piercing+","2850z","King Scarab",2,"Wyvern Marrow",1,"Iodrome Hide",6,"Gunpowder",5,15,5,0,0,0,2850,"Male/Female","Blade/Gunner",5,1,1,"---","Fire Res",9,"PsychicVis",4,,,,,,
"Blue Piercing+","2850z","King Scarab",2,"Lg Lobstershell",1,"Dragonite Ore",5,"Monster Fluid",3,15,0,0,0,5,2850,"Male/Female","Blade/Gunner",5,1,1,"---","Water Res",9,"PsychicVis",4,,,,,,
"Yellow Piercing+","2850z","King Scarab",2,"Electro Sac",3,"Antiseptic Stone",8,"Thunderbug",10,15,0,5,0,0,2850,"Male/Female","Blade/Gunner",5,1,1,"---","ThunderRes",9,"PsychicVis",4,,,,,,
"Black Piercing+","2850z","King Scarab",2,"Basarios Wing",1,"Iron Ore",20,"Hornet Bladefin",2,15,0,0,5,0,2850,"Male/Female","Blade/Gunner",5,1,1,"---","PsychicVis",9,"Backpackng",4,,,,,,
"Skull Face+","9250z","Nova Crystal",1,"Master's Skull",1,"Ancient Potion",1,"Lifecrystals",1,21,2,0,0,0,9250,"Male/Female","Blade/Gunner",5,1,1,"---","WideEffect",4,"Flute",3,"Hunger",-4,,,,
"Rathian Heart Helm+","25125z","Pnk Rthian Plate",1,"Pnk Rathian Scl",5,"Pnk Rathian Shl",3,"King Scarab",2,26,2,-2,-4,0,25125,"Male/Female","Blade/Gunner",5,1,1,"---","Health",3,"Fate",3,"Worry",-2,"Defense",-3,,
"Rathian Heart Cap+","25125z","Pnk Rthian Plate",1,"Pnk Rathian Scl",5,"Pnk Rathian Shl",3,"King Scarab",2,14,4,0,-2,2,25125,"Male/Female","Blade/Gunner",5,1,1,"---","Health",3,"Fate",3,"PierceS Up",4,"Worry",-2,"Load",-3
"Rathalos Soul Helm+","27375z","Azre Rthls Plate",1,"Azur Rthlos Wing",1,"Azure Rthlos Scl",4,"Fire Stone",2,27,2,-1,-4,2,27375,"Male/Female","Blade/Gunner",5,1,1,"---","Faint",4,"Attack",3,"Defense",-3,"Whim",-1,,
"Rathalos Soul Cap+","27375z","Azre Rthls Plate",1,"Azur Rthlos Wing",1,"Azure Rthlos Scl",4,"Fire Stone",2,15,4,2,-2,5,27375,"Male/Female","Blade/Gunner",5,1,1,"---","Faint",3,"Attack",3,"PsychicVis",2,"Defense",-4,"Whim",-3
"Auroros Helm Mai","39375z","LaoShan Thoracic",1,"Lao-Shan's Scale",5,"Splendid Beak",1,"Commendation",3,32,-2,0,-4,2,39375,"Male","Blade/Gunner",5,1,1,"---","Rec Speed",2,"Map",2,"Guard",3,"Fire Res",2,"Faint",-2
"Genesis HeadpieceMai","39375z","LaoShan Thoracic",1,"Lao-Shan's Scale",5,"Splendid Beak",1,"Commendation",3,16,1,2,-2,3,39375,"Male","Blade/Gunner",5,1,1,"---","Rec Speed",2,"Map",2,"Load",3,"Fire Res",2,"Health",-2
"Borealis Crown Mai","39375z","LaoShan Thoracic",1,"Lao-Shan's Scale",5,"Splendid Beak",1,"Commendation",3,32,-2,0,-4,2,39375,"Female","Blade/Gunner",5,1,1,"---","Rec Speed",2,"Map",2,"Guard",3,"Fire Res",2,"Faint",-2
"Glyph Crown Mai","39375z","LaoShan Thoracic",1,"Lao-Shan's Scale",5,"Splendid Beak",1,"Commendation",3,16,1,2,-2,3,39375,"Female","Blade/Gunner",5,1,1,"---","Rec Speed",2,"Map",2,"Load",3,"Fire Res",2,"Health",-2
"Dragonhead+","55555z","Fatalis Shrp Eye",1,"Fatalis' Scale+",3,"Fatalis' Spike",2,"Wyvern Marrow",1,34,0,2,-5,2,55555,"Male/Female","Blade/Gunner",5,1,1,"---","Attack",2,"WindPress",3,"PsychicVis",1,"Defense",-2,"Hunger",-3
"Dragonface+","55555z","Fatalis Shrp Eye",1,"Fatalis' Scale+",3,"Fatalis' Spike",2,"Wyvern Marrow",1,17,2,4,-2,4,55555,"Male/Female","Blade/Gunner",5,1,1,"---","Attack",2,"WindPress",3,"PsychicVis",3,"Health",-2,"Hunger",-3
"Mosswine Face S","3350z","Carbalite Ore",1,"Mosswine Head",2,"Bullfango Pelt",5,,,16,0,0,0,0,3350,"Male/Female","Blade/Gunner",7,1,1,"---","Gluttony",5,"Health",4,"Hunger",-3,,,,
"Velociprey Mask S","4950z","Carbalite Ore",5,"Velocidrome Head",1,"Velociprey Hide",20,,,18,0,0,0,0,4950,"Male/Female","Blade/Gunner",7,1,1,"---","Faint",4,"Fate",4,"Flute",4,"Whim",-3,,
"Bullfango Mask S","4950z","Carbalite Ore",1,"Bullfango Head",1,"Bullfango Pelt",10,,,18,0,0,0,0,4950,"Male/Female","Blade/Gunner",7,1,1,"---","Alchemy",8,"HearProtct",1,"Worry",-2,"Faint",-1,,
"Shinobi Mask(Heaven)","61875z","Fatalis Strg Wng",1,"Guild Ticket",1,"Monster Broth",5,"Rathlos Carapace",5,20,0,2,1,-6,61875,"Male/Female","Blade/Gunner",7,1,1,"---","Protection",2,"Worry",2,"Hunger",3,"Throw",2,"Faint",-2
"Shinobi Mask (Earth)","61875z","Fatalis Strg Wng",1,"Guild Ticket",1,"Monster Broth",5,"Rathlos Carapace",5,20,2,4,2,-5,61875,"Male/Female","Blade/Gunner",7,1,1,"---","Protection",2,"Worry",2,"Hunger",3,"Flute",3,"Faint",-1
"Guild KnightFeatherS","61875z","Pure Crystal",2,"Guild Ticket",1,"Monoblos Heart",1,"Joiner Grasshppr",3,20,0,0,0,0,61875,"Male","Blade/Gunner",7,1,1,"---","Protection",2,"Fate",3,"Gluttony",2,"Alchemy",2,"Poison",-2
"Guild Knight Mask S","61875z","Pure Crystal",2,"Guild Ticket",1,"Monoblos Heart",1,"Joiner Grasshppr",3,20,0,0,0,0,61875,"Male","Blade/Gunner",7,1,1,"---","Protection",2,"Fate",3,"Gluttony",2,"Alchemy",2,"Poison",-2
"Maiden's Hat S","61875z","Pure Crystal",2,"Guild Ticket",1,"Egg Ticket",5,"Joiner Grasshppr",3,20,0,0,0,0,61875,"Female","Blade/Gunner",7,1,1,"---","Protection",2,"Fate",3,"Gluttony",2,"Alchemy",2,"Poison",-2
"Designer Glasses S","61875z","Pure Crystal",2,"Guild Ticket",1,"Egg Ticket",5,"Joiner Grasshppr",3,20,0,0,0,0,61875,"Female","Blade/Gunner",7,1,1,"---","Protection",2,"Fate",3,"Gluttony",2,"Alchemy",2,"Poison",-2
"Red Piercing S","7750z","Pure Crystal",2,"Fire Stone",1,"Jewel Ticket",1,,,20,5,0,0,0,7750,"Male/Female","Blade/Gunner",7,1,1,"---","Fire Res",9,"PsychicVis",6,,,,,,
"Blue Piercing S","7750z","Pure Crystal",2,"Blue Kut-Ku Ear",1,"Jewel Ticket",1,,,20,0,0,0,5,7750,"Male/Female","Blade/Gunner",7,1,1,"---","Water Res",9,"PsychicVis",6,,,,,,
"Yellow Piercing S","7750z","Pure Crystal",2,"Thunder Sac",1,"Jewel Ticket",1,,,20,0,5,0,0,7750,"Male/Female","Blade/Gunner",7,1,1,"---","ThunderRes",9,"PsychicVis",6,,,,,,
"Black Piercing S","7750z","Pure Crystal",2,"Blk Gravios Head",1,"Jewel Ticket",1,,,20,0,0,5,0,7750,"Male/Female","Blade/Gunner",7,1,1,"---","PsychicVis",9,"Backpackng",6,,,,,,
"Skull Face S","24750z","Firecell Stone",3,"Master's Skull",1,"Ancient Potion",1,"Hrd Monster Bone",2,31,2,0,0,0,24750,"Male/Female","Blade/Gunner",7,1,1,"---","Artisan",4,"PsychicVis",6,"Hunger",-2,,,,
"Rathian Heart Helm S","48375z","Pnk Rathian Rby",1,"Pnk Rathian Scl+",3,"Pnk Rathian Shl",5,"Hrd Monster Bone",2,36,2,-2,-4,0,48375,"Male/Female","Blade/Gunner",7,1,1,"---","Health",3,"Recovery",2,"Faint",-2,"Dragon Res",-4,,
"Rathian Heart Cap S","48375z","Pnk Rathian Rby",1,"Pnk Rathian Scl+",3,"Pnk Rathian Shl",5,"Hrd Monster Bone",2,19,4,0,-2,2,48375,"Male/Female","Blade/Gunner",7,1,1,"---","Health",4,"Recovery",3,"PsychicVis",4,"Faint",-4,,
"Rathalos Soul Helm S","50625z","Azure Rthlos Rby",1,"Azur Rthlos Wing",1,"Azure Rthlos Shl",3,"Joiner Grasshppr",3,37,2,-1,-4,2,50625,"Male/Female","Blade/Gunner",7,1,1,"---","Sharpness",3,"WindPress",3,"Hunger",-2,"Faint",-3,,
"Rathalos Soul Cap S","50625z","Azure Rthlos Rby",1,"Azur Rthlos Wing",1,"Azure Rthlos Shl",3,"Joiner Grasshppr",3,20,4,2,-2,5,50625,"Male/Female","Blade/Gunner",7,1,1,"---","NormalS Up",3,"Fate",2,"PsychicVis",3,"Load",-3,"Whim",-4
"Monodevil Helm S","59625z","Firecell Stone",2,"Wht Monoblos Hrn",3,"Wht Monoblos Spn",5,"TwstBlckBlosHrn",1,41,2,-2,-1,-1,59625,"Male/Female","Blade/Gunner",7,1,1,"---","WindPress",4,"Faint",4,"Hunger",-3,,,,
"Monodevil Cap S","59625z","Firecell Stone",2,"Wht Monoblos Hrn",3,"Wht Monoblos Spn",5,"TwstBlckBlosHrn",1,21,4,0,0,2,59625,"Male/Female","Blade/Gunner",7,1,1,"---","WindPress",3,"Faint",4,"PsychicVis",4,"Hunger",-4,,
"Auroros Helm Haku","61875z","LaoS Heavy Shell",1,"Lao-Shan Scale+",5,"Solid Blos Horn",1,"Commendation",3,42,-2,0,-4,2,61875,"Male","Blade/Gunner",7,1,1,"---","Rec Speed",2,"Attack",4,"All Res Up",2,"Defense",-3,,
"GenesisHeadpieceHaku","61875z","LaoS Heavy Shell",1,"Lao-Shan Scale+",5,"Solid Blos Horn",1,"Commendation",3,21,1,2,-2,3,61875,"Male","Blade/Gunner",7,1,1,"---","Rec Speed",2,"Load",4,"All Res Up",4,"Defense",-5,,
"Borealis Crown Haku","61875z","LaoS Heavy Shell",1,"Lao-Shan Scale+",5,"Solid Blos Horn",1,"Commendation",3,42,-2,0,-4,2,61875,"Female","Blade/Gunner",7,1,1,"---","Rec Speed",2,"Attack",4,"All Res Up",2,"Defense",-3,,
"Glyph Crown Haku","61875z","LaoS Heavy Shell",1,"Lao-Shan Scale+",5,"Solid Blos Horn",1,"Commendation",3,21,1,2,-2,3,61875,"Female","Blade/Gunner",7,1,1,"---","Rec Speed",2,"Load",4,"All Res Up",4,"Defense",-5,,
"Dragonhead S","111111z","Fatalis Evil Eye",1,"Thck Fatalis Scl",3,"Fatalis' Gore",2,"Rthlos BrainStem",1,44,0,2,-5,2,111111,"Male/Female","Blade/Gunner",7,1,1,"---","Rec Speed",2,"Attack",3,"Sharpness",3,"Faint",-3,,
"Dragonface S","111111z","Fatalis Evil Eye",1,"Thck Fatalis Scl",3,"Fatalis' Gore",2,"Rthlos BrainStem",1,22,2,4,-2,4,111111,"Male/Female","Blade/Gunner",7,1,1,"---","Rec Speed",3,"Load",3,"Protection",4,"Defense",-5,,
"Auroros Helm Ten","123750z","Azure LaoS Claw",1,"Azure LaoS Scale",5,"TwstBlckBlosHrn",1,"Commendation",3,42,-2,0,-4,2,123750,"Male","Blade/Gunner",7,1,1,"---","Fencing",3,"Attack",3,"Protection",2,"Recovery",-3,,
"Genesis HeadpieceTen","123750z","Azure LaoS Claw",1,"Azure LaoS Scale",5,"TwstBlckBlosHrn",1,"Commendation",3,21,1,2,-2,3,123750,"Male","Blade/Gunner",7,1,1,"---","Recoil",3,"PsychicVis",3,"Load",-5,"Defense",-3,,
"Borealis Crown Ten","123750z","Azure LaoS Claw",1,"Azure LaoS Scale",5,"TwstBlckBlosHrn",1,"Commendation",3,42,-2,0,-4,2,123750,"Female","Blade/Gunner",7,1,1,"---","Fencing",3,"Attack",3,"Protection",2,"Recovery",-3,,
"Glyph Crown Ten","123750z","Azure LaoS Claw",1,"Azure LaoS Scale",5,"TwstBlckBlosHrn",1,"Commendation",3,21,1,2,-2,3,123750,"Female","Blade/Gunner",7,1,1,"---","Recoil",3,"PsychicVis",3,"Load",-5,"Defense",-3,,
"Golden Moon Helm","57375z","Gld Rathian Rby",1,"Gld Rathian Shl",2,"Gld Rthian Spike",2,"Gld Rathian Scl",6,40,2,-2,0,0,57375,"Male/Female","Blade/Gunner",7,1,1,"---","Fate",3,"Sharpness",2,"SwdShrpner",-2,"Faint",-4,,
"Golden Moon Cap","57375z","Gld Rathian Rby",1,"Gld Rathian Shl",2,"Gld Rthian Spike",2,"Gld Rathian Scl",6,20,4,0,0,2,57375,"Male/Female","Blade/Gunner",7,1,1,"---","Fate",4,"NormalS Up",2,"PsychicVis",5,"Load",-2,"Worry",-2
"Silver Sol Helm","61875z","Slvr Rthalos Rby",1,"Slvr Rthlos Wing",1,"Slv Rthls Webbng",2,"Slvr Rthalos Scl",1,42,2,2,0,-1,61875,"Male/Female","Blade/Gunner",7,1,1,"---","Fencing",2,"Sharpness",2,"Faint",-4,"Fate",-2,"Recovery",-1
"Silver Sol Cap","61875z","Slvr Rthalos Rby",1,"Slvr Rthlos Wing",1,"Slv Rthls Webbng",2,"Slvr Rthalos Scl",1,21,4,5,0,2,61875,"Male/Female","Blade/Gunner",7,1,1,"---","PierceSAdd",6,"Flute",2,"PsychicVis",3,"Health",-3,,
"Fatalis Head","222222z","Fatalis Devl Eye",1,"Fatlis Crmsn Wng",3,"Fatalis' Gore",2,"Rathalos Ruby",1,44,0,2,-5,2,222222,"Male/Female","Blade/Gunner",7,1,1,"---","Artisan",3,"All Res Up",2,"PsychicVis",2,"Hunger",-2,"Faint",-2
"Fatalis Face","222222z","Fatalis Devl Eye",1,"Fatlis Crmsn Wng",3,"Fatalis' Gore",2,"Rathalos Ruby",1,22,2,4,-2,4,222222,"Male/Female","Blade/Gunner",7,1,1,"---","Rapid Fire",3,"PsychicVis",3,"All Res Up",-3,"Defense",-5,,
"Battle Helm U","19750z","Firecell Stone",2,"Kut-Ku Carapace",3,"Fire Stone",2,"Disk Stone",15,28,2,-2,0,-2,19750,"Male/Female","Blade/Gunner",6,1,1,"---","PsychicVis",2,"Sharpness",2,"Sleep",-4,"Faint",-2,"Attack",-1
"Battle Cap U","19750z","Firecell Stone",2,"Kut-Ku Carapace",3,"Fire Stone",2,"Dragon Seed",2,18,4,0,2,0,19750,"Male/Female","Blade/Gunner",6,1,1,"---","PsychicVis",4,"PierceSAdd",4,"Map",3,"Health",-3,"Faint",-1
"Protection Piercing","550z","Machalite Ore",2,"Kut-Ku Scale",2,"Velociprey Fang",4,"Iron Ore",5,6,0,0,0,0,550,"Male/Female","Blade/Gunner",2,1,1,"---","Auto-guard",10,,,,,,,,
"(dummy)Expert Piercing(TrainingOnly)",,,,,,,,,,0,0,0,0,0,0,"Male/Female","Blade/Gunner",5,1,1,"---","Artisan",10,"Sharpness",-10,,,,,,
"(dummy)Power Piercing(TrainingOnly)",,,,,,,,,,0,0,0,0,0,0,"Male/Female","Blade/Gunner",5,1,1,"---","Attack",25,"Hunger",-25,,,,,,
"(dummy)Life Piercing(TrainingOnly)",,,,,,,,,,0,0,0,0,0,0,"Male/Female","Blade/Gunner",5,1,1,"---","Health",25,"Protection",-10,,,,,,
"(dummy)Technique Piercing(TrainingOnly)",,,,,,,,,,0,0,0,0,0,0,"Male/Female","Blade/Gunner",5,1,1,"---","BombStrUp",10,"Throw",10,,,,,,
"(dummy)Ambitious Piercing(TrainingOnly)",,,,,,,,,,0,0,0,0,0,0,"Male/Female","Blade/Gunner",5,1,1,"---","Rapid Fire",10,"Health",-25,,,,,,
"Sword Saint Piercing","24175z","Sm Lao-Shan Claw",2,"Wht Monoblos Hrn",2,"Azur Rthlos Wing",1,"Pnk Rthian Thorn",2,10,0,0,0,0,24175,"Male/Female","Blade/Gunner",5,1,1,"---","Fencing",10,,,,,,,,
"Sure Shot Piercing","24175z","Sm Lao-Shan Claw",2,"Wht Monoblos Hrn",2,"Azur Rthlos Wing",1,"Pnk Rthian Thorn",2,10,0,0,0,0,24175,"Male/Female","Blade/Gunner",5,1,1,"---","NormalS Up",10,"Load",-5,,,,,,
"Early Bird Piercing(100WyvernUnlock)",,,,,,,,,,10,0,0,0,0,0,"Male/Female","Blade/Gunner",5,1,1,"---","HiSpdGathr",10,,,,,,,,
"Leather Helm*","150z",,,,,,,,,1,2,0,0,0,150,"Male/Female","Blade/Gunner",1,1,1,"---",,,,,,,,,,
"Basarios Helm","3350z","Basarios Shell",3,"Machalite Ore",5,"Kut-Ku Scale",2,"Knife Mackerel",10,16,0,2,-2,2,3350,"Male/Female","Blade/Gunner",3,1,1,"---","Defense",2,"Sleep",2,"Protection",-2,,,,
"Basarios Cap","3350z","Basarios Shell",3,"Machalite Ore",5,"Blue Kut-Ku Scl",2,"Knife Mackerel",10,8,2,4,0,4,3350,"Male/Female","Blade/Gunner",3,1,1,"---","Defense",3,"Sleep",3,"Poison",2,,,,
"Chaoshroom","1150z","Chaoshroom",1,"Stunshroom",10,"PlumFlynMealPass",1,"Godbug",3,1,0,3,0,0,1150,"Male/Female","Blade/Gunner",5,1,1,"---","Spc Attack",10,,,,,,,,
"Felyne Mask","200z","PlumFlynMealPass",1,"Silver Ticket",2,"Unknown Skull",3,"Piscine Jaw",4,2,3,0,0,0,200,"Male/Female","Blade/Gunner",5,1,1,"---","BombStrUp",10,"Fate",-4,,,,,,
"Melahoa Flower Hat","1150z","Dosbiscus",2,"Godbug",5,"Silver Ticket",2,"Cactus flower",5,10,0,0,0,3,1150,"Male/Female","Blade/Gunner",5,1,1,"---","Gathering",4,"PsychicVis",4,"Rec Speed",3,"Cold Res",-3,,
"Bistro Cap","1150z","PlumFlynMealPass",1,"Well-Done Steak",10,"Pawprint Stamp",3,"Flabby Hide",5,10,3,0,0,0,1150,"Male/Female","Blade/Gunner",5,1,1,"---","Gluttony",9,"Fishing",6,,,,,,
"Makluva Hood","1150z","Springnight Carp",2,"Pin Tuna",30,"Plesioth Fin",4,"Book of Combos 1",1,10,0,0,0,3,1150,"Male/Female","Blade/Gunner",5,1,1,"---","MixSucRate",9,"Alchemy",6,,,,,,
"Genprey Mask","750z","Kut-Ku Coin",2,"Genprey Hide",5,,,,,8,0,0,0,0,750,"Male/Female","Blade/Gunner",5,1,1,"---","Paralysis",3,"Whim",7,"MixSucRate",-3,,,,
"Ioprey Mask","750z","Kut-Ku Coin",2,"Ioprey Hide",5,,,,,8,0,0,0,0,750,"Male/Female","Blade/Gunner",5,1,1,"---","Poison",3,"PsychicVis",7,"Health",-3,,,,
"Kirin Horn","13875z","Kirin Hide",1,"Kirin Horn",1,"Kirin Mane",3,"Rubbery Hide",2,21,0,4,0,0,13875,"Male/Female","Blade/Gunner",5,1,1,"---","All Res Up",2,"Recovery",2,"Protection",2,"Defense",1,"PsychicVis",3
"Kirin Crest","13875z","Kirin Hide",1,"Kirin Horn",1,"Kirin Mane",3,"Rubbery Hide",2,10,2,6,0,2,13875,"Male/Female","Blade/Gunner",5,1,1,"---","All Res Up",3,"Recovery",2,"Protection",2,"PierceS Up",2,"PsychicVis",3
"Yian Garuga Helm","16750z","Garuga Ear",2,"Sharpened Beak",1,"Garuga Shell",3,"Garuga Mane",2,26,2,2,0,0,16750,"Male/Female","Blade/Gunner",5,1,1,"---","Sharpness",3,"Spc Attack",2,"PsychicVis",2,,,,
"Yian Garuga Cap","16750z","Garuga Ear",2,"Sharpened Beak",1,"Garuga Shell",3,"Garuga Mane",2,14,3,3,0,2,16750,"Male/Female","Blade/Gunner",5,1,1,"---","PelletS Up",2,"Health",2,"PsychicVis",2,"MixSucRate",-1,,
"Velociprey Helm D","7750z","WhtVeloprySclPc",3,"Iron Ore",4,"Kelbi Hide",1,"Blk Gravios Crst",3,20,1,1,-1,1,7750,"Male/Female","Blade/Gunner",3,1,1,"---","Gluttony",2,"WideEffect",3,"Throw",4,"Poison",-2,,
"Velociprey Cap D","7750z","WhtVeloprySclPc",3,"Iron Ore",4,"Kelbi Hide",1,"Blk Gravios Crst",3,10,3,3,0,3,7750,"Male/Female","Blade/Gunner",3,1,1,"---","Gluttony",2,"WideEffect",3,"PierceSAdd",2,"Throw",8,,
"Plesioth Helm D","4150z","GrnPlesiothSclPc",2,"Monster Fluid",1,"Cephalos Scale",3,"GrnPlesiothFinPc",1,17,-4,-4,0,4,4150,"Male/Female","Blade/Gunner",3,1,1,"---","Attack",2,"Fishing",3,"Whim",3,"PsychicVis",1,"Fire Res",-2
"Plesioth Cap D","4150z","GrnPlesiothSclPc",2,"Monster Fluid",1,"Cephalos Scale",3,"GrnPlesiothFinPc",1,9,-2,-2,1,6,4150,"Male/Female","Blade/Gunner",3,1,1,"---","Attack",2,"Fishing",3,"Whim",3,"PsychicVis",1,"Fire Res",-2
"Gravios Helm D","7750z","Blk Gravios Crst",5,"Med Monster Bone",5,"Machalite Ore",5,"Ioprey Hide",5,20,2,2,0,-2,7750,"Male/Female","Blade/Gunner",3,1,1,"---","Health",2,"Heat Res",2,"Map",2,"PsychicVis",2,"Gathering",-2
"Gravios Cap D","7750z","Blk Gravios Crst",5,"Med Monster Bone",5,"Machalite Ore",5,"Ioprey Hide",5,10,4,3,0,1,7750,"Male/Female","Blade/Gunner",3,1,1,"---","Health",3,"Heat Res",2,"Load",2,"PsychicVis",2,"Gathering",-1
"Basarios Helm+","16750z","Basarios Wing",1,"Basarios Shell",3,"Kut-Ku Scale",2,"Knife Mackerel",10,26,0,2,-2,2,16750,"Male/Female","Blade/Gunner",4,1,1,"---","Defense",2,"Poison",2,"Worry",2,"Protection",-2,,
"Basarios Cap+","16750z","Basarios Wing",1,"Basarios Shell",3,"Blue Kut-Ku Scl",2,"Knife Mackerel",10,14,2,4,0,4,16750,"Male/Female","Blade/Gunner",4,1,1,"---","Defense",3,"Poison",2,"Sleep",3,"Protection",-1,,
"Chaoshroom Mai","2850z","BmboFlynMealPass",1,"Toadstool",10,"Chaoshroom",3,"King Scarab",4,11,0,3,0,0,2850,"Male/Female","Blade/Gunner",5,1,1,"---","Spc Attack",7,"Cold Res",5,"Whim",-3,,,,
"Felyne Mask+","1650z","BmboFlynMealPass",1,"Gold Ticket",2,"Mosswine Head",1,"Hornetaur Head",6,12,3,0,0,0,1650,"Male/Female","Blade/Gunner",5,1,1,"---","BombStrUp",6,"Map",8,"Fate",-1,,,,
"Melahoa Flower Hat+","2850z","King Scarab",4,"Dosbiscus",3,"Gold Ticket",2,"Cactus flower",10,15,0,0,0,3,2850,"Male/Female","Blade/Gunner",5,1,1,"---","Gathering",4,"PsychicVis",4,"Rec Speed",3,"Cold Res",-3,,
"Bistro Cap+","2850z","BmboFlynMealPass",1,"Gourmet Steak",10,"Pawprint Stamp",3,"Flabby Hide",7,15,3,0,0,0,2850,"Male/Female","Blade/Gunner",5,1,1,"---","Gluttony",5,"Hunger",3,"Gathering",3,"PsychicVis",2,"Sleep",-2
"Makluva Hood+","2850z","Speartuna",1,"Springnight Carp",3,"Plesioth Fin",4,"Book of Combos 1",1,15,0,0,0,3,2850,"Male/Female","Blade/Gunner",5,1,1,"---","MixSucRate",5,"Water Res",6,"Alchemy",2,"Heat Res",-2,,
"Genprey Mask+","1950z","Monster Bone+",1,"Gendrome Hide",2,"Genprey Hide",10,,,13,0,0,0,0,1950,"Male/Female","Blade/Gunner",5,1,1,"---","Paralysis",4,"Whim",6,"MixSucRate",-3,,,,
"Ioprey Mask+","1950z","Monster Bone+",1,"Iodrome Hide",2,"Ioprey Hide",10,,,13,0,0,0,0,1950,"Male/Female","Blade/Gunner",5,1,1,"---","Poison",4,"PsychicVis",6,"Map",1,"Health",-3,,
"Kirin Horn+","37125z","Kirin Hide+",1,"Kirin Hide",3,"Kirin Azure Horn",1,"Kirin Mane",5,31,0,4,0,0,37125,"Male/Female","Blade/Gunner",5,1,1,"---","All Res Up",2,"Recovery",2,"Fate",2,,,,
"Kirin Crest+","37125z","Kirin Hide+",1,"Kirin Hide",3,"Kirin Azure Horn",1,"Kirin Mane",5,15,2,6,0,2,37125,"Male/Female","Blade/Gunner",5,1,1,"---","All Res Up",2,"Recovery",2,"Fate",2,,,,
"Plesioth Helm K","18250z","Grn Plesioth Fin",2,"Dragonite Ore",4,"Cephalos Scale",2,"GrnPlesiothSclPc",4,27,-4,-4,0,4,18250,"Male/Female","Blade/Gunner",4,1,1,"---","Attack",3,"Protection",3,"PsychicVis",3,"Guard",-2,,
"Plesioth Cap K","18250z","Grn Plesioth Fin",2,"Dragonite Ore",4,"Cephalos Scale",2,"GrnPlesiothSclPc",4,15,-2,-2,1,6,18250,"Male/Female","Blade/Gunner",4,1,1,"---","Attack",3,"Protection",2,"Fate",3,"PsychicVis",1,"Health",-2
"Gravios Helm K","23250z","Blk Gravios Shl",5,"Blk Gravios Crst",4,"Lg Monster Bone",3,"Light Crystal",1,30,2,2,0,-2,23250,"Male/Female","Blade/Gunner",4,1,1,"---","Health",3,"Heat Res",3,"Flute",2,"Gathering",-2,"Recovery",-1
"Gravios Cap K","23250z","Blk Gravios Shl",5,"Blk Gravios Crst",4,"Lg Monster Bone",3,"Light Crystal",1,15,4,3,0,1,23250,"Male/Female","Blade/Gunner",4,1,1,"---","Health",4,"Heat Res",3,"Load",3,"PsychicVis",2,"Defense",-2
"Basarios Helm S","32250z","Basarios Tears",1,"Basrios Carapace",3,"Kut-Ku Scale",2,"Knife Mackerel",10,36,0,2,-2,2,32250,"Male/Female","Blade/Gunner",6,1,1,"---","Defense",3,"Worry",2,"Heat Res",2,"PsychicVis",2,"Protection",-2
"Basarios Cap S","32250z","Basarios Tears",1,"Basrios Carapace",3,"Blue Kut-Ku Scl",2,"Knife Mackerel",10,19,2,4,0,4,32250,"Male/Female","Blade/Gunner",6,1,1,"---","Defense",3,"Worry",3,"Poison",2,"PsychicVis",3,"Protection",-2
"Chaoshroom Haku","7750z","PineFlynMealPass",1,"Nitroshroom",20,"Chaoshroom",5,"Joiner Grasshppr",4,16,0,3,0,0,7750,"Male/Female","Blade/Gunner",7,1,1,"---","Spc Attack",5,"Paralysis",5,"Whim",-5,,,,
"Felyne Mask S","4150z","PineFlynMealPass",1,"Platinum Ticket",2,"Gypceros Head",1,"Bullfango Head",1,17,3,0,0,0,4150,"Male/Female","Blade/Gunner",7,1,1,"---","BombStrUp",5,"Map",10,,,,,,
"Melahoa Flower HatS","7750z","Joiner Grasshppr",4,"Dosbiscus",4,"Platinum Ticket",2,"King Cactus",1,20,0,0,0,3,7750,"Male/Female","Blade/Gunner",7,1,1,"---","Gathering",4,"PsychicVis",3,"Rec Speed",3,"Cold Res",-4,,
"Bistro Cap S","7750z","PineFlynMealPass",1,"Kingmeat",1,"Pawprint Stamp",3,"Khezu Hide - Tan",4,20,3,0,0,0,7750,"Male/Female","Blade/Gunner",7,1,1,"---","Gluttony",4,"HiSpdGathr",3,"PsychicVis",1,"Sleep",-5,,
"Makluva Hood S","7750z","Plesioth Top Fin",4,"Springnight Carp",4,"Speartuna",1,"Book of Combos 1",1,20,0,0,0,3,7750,"Male/Female","Blade/Gunner",7,1,1,"---","MixSucRate",6,"Protection",5,"Heat Res",-4,,,,
"Genprey Mask S","4950z","Carbalite Ore",5,"Gendrome Hide",2,"Genprey Hide",20,,,18,0,0,0,0,4950,"Male/Female","Blade/Gunner",7,1,1,"---","Paralysis",4,"Whim",5,"WideEffect",2,"PsychicVis",1,"MixSucRate",-3
"Ioprey Mask S","4950z","Carbalite Ore",5,"Iodrome Hide",2,"Ioprey Hide",20,,,18,0,0,0,0,4950,"Male/Female","Blade/Gunner",7,1,1,"---","Poison",4,"PsychicVis",7,"Map",2,"Health",-2,,
"Kirin Horn S","59625z","SpecialKirinHide",1,"Kirin Hide+",3,"Kirin Azure Horn",1,"Kirin Mane",5,41,0,4,0,0,59625,"Male/Female","Blade/Gunner",7,1,1,"---","All Res Up",2,"Recovery",2,"Artisan",2,"Sharpness",3,"Cold Res",-2
"Kirin Crest S","59625z","SpecialKirinHide",1,"Kirin Hide+",3,"Kirin Azure Horn",1,"Kirin Mane",5,21,2,6,0,2,59625,"Male/Female","Blade/Gunner",7,1,1,"---","All Res Up",2,"Recovery",2,"PierceS Up",2,"Load",3,"Cold Res",-2
"Yian Garuga Helm S","32250z","Stylish Beak",1,"Long Garuga Ear",2,"Garuga Shell",3,"Garuga Mane",2,36,2,2,0,0,32250,"Male/Female","Blade/Gunner",7,1,1,"---","Sharpness",3,"HearProtct",2,"PsychicVis",2,"Recovery",-1,,
"Yian Garuga Cap S","32250z","Stylish Beak",1,"Long Garuga Ear",2,"Garuga Shell",3,"Garuga Mane",2,19,3,3,0,2,32250,"Male/Female","Blade/Gunner",7,1,1,"---","NormalS Up",2,"Spc Attack",2,"PsychicVis",2,"MixSucRate",-2,,
"Garuga Mask","32250z","Stylish Beak",1,"Long Garuga Ear",2,"Garuga Carapace",3,"Garuga Mane",4,36,0,0,0,0,32250,"Male/Female","Blade/Gunner",7,1,1,"---","HearProtct",5,"Attack",3,"NormalS Up",2,"Recovery",-2,"MixSucRate",-2
"Chain Helm U","4150z","Rainbow Ore",2,"Carbalite Ore",3,"Dragonite Ore",2,,,17,2,-2,0,2,4150,"Male/Female","Blade/Gunner",6,1,1,"---","Gathering",3,"Protection",2,"Artisan",2,"PsychicVis",2,"Hunger",-1
"Vespoid Helm U","23250z","Rainbow Insect",2,"Vspoid Razorwing",5,"Vespoid Carapace",3,"Joiner Grasshppr",2,30,-6,2,2,-5,23250,"Male/Female","Blade/Gunner",6,1,1,"---","Poison",2,"Wide Rec",2,"PsychicVis",3,"Whim",-2,,
"Vespoid Cap U","23250z","Rainbow Insect",2,"Vspoid Razorwing",5,"Vespoid Carapace",3,"Joiner Grasshppr",2,16,-5,5,2,-4,23250,"Male/Female","Blade/Gunner",6,1,1,"---","Poison",2,"Recovery",3,"PsychicVis",3,"Whim",-2,,
"Hornet Helm U","23250z","Rainbow Insect",2,"Hornet Razorwing",3,"Hornet Carapace",3,"Joiner Grasshppr",2,30,-6,-5,2,-1,23250,"Male/Female","Blade/Gunner",6,1,1,"---","Fate",2,"Guard",2,"Dragon Res",2,"PsychicVis",3,"Worry",-2
"Hornet Cap U","23250z","Rainbow Insect",2,"Hornet Razorwing",3,"Hornet Carapace",3,"Joiner Grasshppr",2,15,-5,-3,3,2,23250,"Male/Female","Blade/Gunner",6,1,1,"---","Fate",2,"Health",3,"Dragon Res",3,"PsychicVis",3,"Worry",-2
"Shinobi Mask (Sky)","61875z","Rainbow Ore",2,"Fatalis Strg Wng",1,"Guild Ticket",1,"Slvr Rthalos Shl",2,20,0,2,1,-6,61875,"Male/Female","Blade/Gunner",7,1,1,"---","PsychicVis",3,"Hunger",2,"Spc Attack",2,"Whim",-2,,
"Shinobi Mask (Sea)","61875z","Rainbow Ore",2,"Fatalis Strg Wng",1,"Guild Ticket",1,"Slvr Rthalos Shl",2,20,2,4,2,-5,61875,"Male/Female","Blade/Gunner",7,1,1,"---","PsychicVis",3,"Hunger",2,"Spc Attack",2,"Whim",-2,,
"Genprey Helm U","24750z","Rainbow Insect",2,"Genprey Scale+",4,"Genprey Hide+",6,"Monster Bone+",3,31,2,3,-1,-2,24750,"Male/Female","Blade/Gunner",6,1,1,"---","Paralysis",3,"SwdShrpner",2,"PsychicVis",4,"MixSucRate",-2,,
"Genprey Cap U","24750z","Rainbow Insect",2,"Genprey Scale+",4,"Genprey Hide+",6,"Monster Bone+",3,19,4,5,0,0,24750,"Male/Female","Blade/Gunner",6,1,1,"---","Paralysis",5,"PierceS Up",2,"PsychicVis",2,"Load",-2,,
"Ioprey Helm U","27750z","Rainbow Insect",2,"Ioprey Scale+",4,"Ioprey Hide+",6,"Hrd Monster Bone",1,33,3,-2,-1,2,27750,"Male/Female","Blade/Gunner",6,1,1,"---","Poison",4,"Health",2,"BombStrUp",3,"Whim",-2,,
"Ioprey Cap U","27750z","Rainbow Insect",2,"Ioprey Scale+",4,"Ioprey Hide+",6,"Hrd Monster Bone",1,19,5,0,0,4,27750,"Male/Female","Blade/Gunner",6,1,1,"---","Poison",5,"BmbShotAdd",2,"Health",-1,,,,
"Basarios Helm U","32250z","Basarios Tears",1,"Basrios Carapace",3,"Small Goldenfish",5,"Machalite Ore",20,36,0,2,-2,2,32250,"Male/Female","Blade/Gunner",6,1,1,"---","Defense",2,"Sleep",2,"Guard",2,"PsychicVis",3,"Protection",-2
"Basarios Cap U","32250z","Basarios Tears",1,"Basrios Carapace",3,"GrnPlesiothSclPc",2,"Machalite Ore",20,19,2,4,0,4,32250,"Male/Female","Blade/Gunner",6,1,1,"---","Defense",2,"Shot Mix",2,"PsychicVis",3,"Protection",-2,,
