"Name","Price","Material 1","Amount","Material 2","Amount","Material 3","Amount","Material 4","Amount","Defense","Fire Res","Thunder Res","Dragon Res","Water Res","Ice Res","Gender","Hunter Type","Rarity","HR","Elder*","Slots","Skill 1","Skill Point","Skill 2","Skill Point","Skill 3","Skill Point","Skill 4","Skill Point","Skill 5","Skill Point"
,,,,,,,,,,,,,,,,,,,,,,,,,,,,,,,
"Green Pants","150z","Kelbi Hide",1,"Sm Monster Bone",1,,,,,1,2,0,0,0,150,"Male/Female","Blade/Gunner",1,1,1,"---","Throw",5,"Whim",2,"Health",2,"Defense",2,,
"(Torso Inc) Blue Pants","300z","Iron Ore",2,"Kelbi Hide",3,,,,,2,2,-2,0,2,300,"Male/Female","Blade/Gunner",1,1,1,"---","Torso Inc",,,,,,,,,
"Hunter's Greaves","450z","Iron Ore",3,"Bullfango Pelt",1,"Earth Crystal",1,,,4,0,-4,0,0,450,"Male/Female","Blade",1,1,1,"---","Fishing",4,"Health",2,"Defense",2,"PsychicVis",3,,
"Hunter's Leggings","450z","Iron Ore",3,"Bullfango Pelt",1,"Earth Crystal",1,,,3,2,-2,0,2,450,"Male/Female","Gunner",1,1,1,"---","Fishing",4,"Health",2,"Defense",2,"PsychicVis",3,,
"Velociprey Greaves","750z","Velociprey Scale",2,"Iron Ore",3,,,,,8,1,1,-1,1,750,"Male/Female","Blade",2,1,1,"---","Faint",5,"PsychicVis",2,"Worry",-2,"Poison",-2,,
"Velociprey Leggings","750z","Velociprey Scale",2,"Iron Ore",3,,,,,4,3,3,0,3,750,"Male/Female","Gunner",2,1,1,"---","Faint",5,"PsychicVis",2,"Worry",-2,"Poison",-2,,
"Genprey Greaves","1350z","Genprey Scale",4,"Iron Ore",3,"Disk Stone",2,,,11,2,3,-1,-2,1350,"Male/Female","Blade",2,1,1,"---","Paralysis",5,"PsychicVis",2,"Worry",-2,"Poison",-2,,
"Genprey Leggings","1350z","Genprey Scale",4,"Iron Ore",3,"Disk Stone",2,,,6,4,5,0,0,1350,"Male/Female","Gunner",2,1,1,"---","Paralysis",5,"PsychicVis",2,"Worry",-2,"Poison",-2,,
"Ioprey Greaves","1950z","Ioprey Scale",3,"Iron Ore",6,"Earth Crystal",3,"Sm Monster Bone",5,13,3,-2,-1,2,1950,"Male/Female","Blade",2,1,1,"---","Poison",5,"ThunderRes",2,"Paralysis",2,"Water Res",-2,,
"Ioprey Leggings","1950z","Ioprey Scale",3,"Iron Ore",6,"Earth Crystal",3,"Sm Monster Bone",5,7,5,0,0,4,1950,"Male/Female","Gunner",2,1,1,"---","Poison",5,"ThunderRes",2,"Paralysis",2,"Water Res",-2,,
"Rathian Greaves","3350z","Rathian Scale",3,"Rathian Shell",3,"Machalite Ore",3,"Iron Ore",8,16,2,-2,-4,0,3350,"Male/Female","Blade",3,1,1,"---","Health",3,"Fire Res",2,"Water Res",-2,"ThunderRes",-2,"Worry",-2
"Rathian Leggings","3350z","Rathian Scale",3,"Rathian Shell",3,"Machalite Ore",3,"Iron Ore",8,8,4,0,-2,2,3350,"Male/Female","Gunner",3,1,1,"---","Health",3,"Fire Res",2,"Water Res",-2,"ThunderRes",-2,"Worry",-2
"(Torso Inc) Cephalos Greaves","2350z","Cephalos Fin",1,"Cephalos Scale",4,"Piscine Fang",3,"Machalite Ore",2,14,-3,-4,0,2,2350,"Male/Female","Blade",3,1,1,"---","Torso Inc",,,,,,,,,
"(Torso Inc) Cephalos Leggings","2350z","Cephalos Fin",1,"Cephalos Scale",4,"Piscine Fang",3,"Machalite Ore",2,8,-1,-2,1,5,2350,"Male/Female","Gunner",3,1,1,"---","Torso Inc",,,,,,,,,
"Battle Greaves","750z","Kut-Ku Scale",2,"Iron Ore",3,"Earth Crystal",3,"Whetstone",5,8,2,-2,0,-2,750,"Male/Female","Blade",2,1,1,"---","Guard",2,"Health",2,"Defense",2,"Backpackng",3,,
"Battle Leggings","750z","Kut-Ku Scale",2,"Bullfango Pelt",3,"Huskberry",20,"Small Bone Husk",5,5,4,0,2,0,750,"Male/Female","Gunner",2,1,1,"---","Load",3,"Backpackng",3,,,,,,
"Bone Greaves","650z","Sm Monster Bone",7,"Bullfango Pelt",1,"Kelbi Hide",2,,,7,2,-2,-2,2,650,"Male/Female","Blade",2,1,1,"---","StealNoEff",5,"Hunger",2,"Alchemy",2,"Worry",-2,,
"Bone Leggings","650z","Sm Monster Bone",7,"Bullfango Pelt",1,"Kelbi Hide",2,,,4,5,0,0,5,650,"Male/Female","Gunner",2,1,1,"---","StealNoEff",5,"Hunger",2,"Alchemy",2,"Worry",-2,,
"Gypceros Greaves","2350z","Rubbery Hide",3,"Antiseptic Stone",2,"Genprey Hide",3,,,14,-4,4,0,1,2350,"Male/Female","Blade",3,1,1,"---","Wide Cntr",5,"ThunderRes",2,"Paralysis",2,"Water Res",-2,,
"Gypceros Leggings","2350z","Rubbery Hide",3,"Antiseptic Stone",2,"Genprey Hide",3,,,7,-1,6,0,4,2350,"Male/Female","Gunner",3,1,1,"---","Wide Cntr",5,"ThunderRes",2,"Paralysis",2,"Water Res",-2,,
"Rathalos Greaves","4150z","Rathalos Shell",1,"Rathalos Scale",3,"Rathalos Webbing",3,"Machalite Ore",2,17,2,2,-4,-1,4150,"Male/Female","Blade",3,1,1,"---","Attack",5,"Fate",2,"Worry",-2,"Dragon Res",-2,,
"Rathalos Leggings","4150z","Rathalos Shell",2,"Rathalos Scale",3,"Rathalos Webbing",3,"Machalite Ore",2,9,4,5,-2,2,4150,"Male/Female","Gunner",3,1,1,"---","Attack",5,"Fate",2,"Worry",-2,"Dragon Res",-2,,
"Gravios Greaves+","23250z","Gravios Carapace",3,"Flame Sac",1,"Monster Fluid",4,"Iodrome Hide",2,30,2,2,-2,-2,23250,"Male/Female","Blade",4,1,1,"---","Health",2,"Heat Res",3,"Cold Res",3,"PsychicVis",1,"Faint",-2
"Gravios Leggings+","23250z","Gravios Carapace",3,"Flame Sac",1,"Monster Fluid",4,"Iodrome Hide",2,15,4,3,0,1,23250,"Male/Female","Gunner",4,1,1,"---","Health",2,"Heat Res",3,"Load",3,"Faint",-3,,
"Hi-Metal Greaves+","7750z","Dragonite Ore",8,"Machalite Ore",15,"Monster Bone+",1,"Velociprey Hide",10,20,-2,3,0,-2,7750,"Male/Female","Blade",4,1,1,"---","Health",3,"Map",3,"Backpackng",4,"PsychicVis",1,,
"Hi-Metal Leggings+","7750z","Dragonite Ore",8,"Machalite Ore",15,"Monster Bone+",1,"Velociprey Hide",10,13,0,5,0,0,7750,"Male/Female","Gunner",4,1,1,"---","Health",3,"Map",3,"Backpackng",4,"PsychicVis",1,,
"Auroros Pants","16125z","Lao-Shan's Spine",1,"Lao-Shan's Scale",5,"Rathian Spike",2,"Commendation",1,22,-2,0,-4,2,16125,"Male","Blade",5,1,1,"---","Rec Speed",2,"Guard",4,,,,,,
"Genesis Pants","16125z","Lao-Shan's Spine",1,"Lao-Shan's Scale",5,"Rathian Spike",2,"Commendation",1,11,1,2,-2,3,16125,"Male","Gunner",5,1,1,"---","Rec Speed",2,"Load",4,,,,,,
"Borealis Pants","16125z","Lao-Shan's Spine",1,"Lao-Shan's Scale",5,"Rathian Spike",2,"Commendation",1,22,-2,0,-4,2,16125,"Female","Blade",5,1,1,"---","Rec Speed",2,"Guard",4,,,,,,
"Glyph Pants","16125z","Lao-Shan's Spine",1,"Lao-Shan's Scale",5,"Rathian Spike",2,"Commendation",1,11,1,2,-2,3,16125,"Female","Gunner",5,1,1,"---","Rec Speed",2,"Load",4,,,,,,
"Vespoid Greaves+","7750z","Vespoid Bladefin",1,"Vespoid Wing",12,"Monster Bone+",1,"Genprey Hide",10,20,-6,2,2,-5,7750,"Male/Female","Blade",4,1,1,"---","Sleep",5,"Poison",2,"Paralysis",2,"Faint",-2,,
"Vespoid Leggings+","7750z","Vespoid Bladefin",1,"Vespoid Shell",8,"Monster Bone+",1,"Genprey Hide",10,13,-5,5,2,-4,7750,"Male/Female","Gunner",4,1,1,"---","Sleep",5,"Poison",2,"Paralysis",2,"Faint",-2,,
"Khezu Greaves+","16750z","Pale Bone",1,"Flabby Hide",4,"Monster Fluid",3,"Lifepowder",2,26,-3,4,0,3,16750,"Male/Female","Blade",4,1,1,"---","Rec Speed",3,"Wide Rec",2,"Recovery",2,"Faint",-2,"Fate",-2
"Khezu Leggings+","16750z","Pale Bone",1,"Flabby Hide",4,"Monster Fluid",3,"Lifepowder",2,15,-1,6,0,5,16750,"Male/Female","Gunner",4,1,1,"---","Rec Speed",3,"Wide Rec",3,"Recovery",2,"Faint",-2,"Fate",-1
"Plesioth Greaves+","18250z","Monster Bone+",2,"Plesioth Scale",5,"Plesioth Fin",2,"Scatterfish",5,27,-4,-4,0,4,18250,"Male/Female","Blade",4,1,1,"---","Heat Res",3,"Hunger",2,"Water Res",2,"Sleep",2,"Fire Res",-2
"Plesioth Leggings+","18250z","Monster Bone+",2,"Plesioth Scale",5,"Plesioth Fin",2,"Scatterfish",5,15,-2,-2,1,6,18250,"Male/Female","Gunner",4,1,1,"---","Heat Res",3,"Hunger",2,"Water Res",2,"Sleep",2,"Fire Res",-2
"Hornet Greaves+","7750z","Hornet Bladefin",1,"Hornetaur Head",2,"Hornetaur Shell",10,"Monster Bone+",1,20,-6,-5,2,-1,7750,"Male/Female","Blade",4,1,1,"---","Poison",3,"Paralysis",2,"Backpackng",4,"Faint",-2,,
"Hornet Leggings+","7750z","Hornet Bladefin",1,"Hornetaur Head",2,"Hornetaur Shell",10,"Monster Bone+",1,13,-5,-3,3,2,7750,"Male/Female","Gunner",4,1,1,"---","Poison",3,"Paralysis",2,"Backpackng",4,"Faint",-2,,
"Dragonfeet","22222z","Fatalis' Scale",3,"Fatalis' Shell",2,"Fatalis' Webbing",1,"Pnk Rthian Plate",1,24,0,2,-5,2,22222,"Male/Female","Blade",5,1,1,"---","Rec Speed",2,"Attack",1,"WindPress",2,"PsychicVis",3,,
"Dragonlegs","22222z","Fatalis' Scale",3,"Fatalis' Shell",2,"Fatalis' Webbing",1,"Pnk Rthian Plate",1,12,2,4,-2,4,22222,"Male/Female","Gunner",5,1,1,"---","Rec Speed",2,"Attack",1,"WindPress",2,"PsychicVis",3,,
"Guild Knight Boots","16125z","Light Crystal",1,"Hammer Ticket",3,"Egg Ticket",1,"Kut-Ku Coin",3,10,0,0,0,0,16125,"Male","Blade/Gunner",5,1,1,"---","Gathering",2,"Whim",3,"PsychicVis",3,,,,
"Guild Knight Tights","16125z","Light Crystal",1,"Hammer Ticket",3,"Egg Ticket",1,"Gypceros Coin",3,10,0,0,0,0,16125,"Male","Blade/Gunner",5,1,1,"---","Gathering",2,"Whim",3,"PsychicVis",3,,,,
"Maiden's Stockings","16125z","Light Crystal",1,"Hammer Ticket",3,"Egg Ticket",1,"Kut-Ku Coin",3,10,0,0,0,0,16125,"Female","Blade/Gunner",5,1,1,"---","Gathering",2,"Whim",3,"PsychicVis",3,,,,
"Personal Tights","16125z","Light Crystal",1,"Hammer Ticket",3,"Egg Ticket",1,"Gypceros Coin",3,10,0,0,0,0,16125,"Female","Blade/Gunner",5,1,1,"---","Gathering",2,"Whim",3,"PsychicVis",3,,,,
"Silver Boots(BuyShopOnly)","1900z","Iron Ore",10,"Machalite Ore",2,,,,,9,0,-2,0,2,1900,"Male/Female","Blade/Gunner",2,1,1,"---",,,,,,,,,,
"Dark Metal Boots(BuyShopOnly)","2300z","Iron Ore",15,"Disk Stone",30,,,,,10,0,2,0,-2,2300,"Male/Female","Blade/Gunner",2,1,1,"---",,,,,,,,,,
"Pink Metal Boots(BuyShopOnly)","3300z","Iron Ore",20,"Machalite Ore",7,"Dosbiscus",2,,,12,2,0,0,-2,3300,"Female","Blade/Gunner",2,1,1,"---",,,,,,,,,,
"Shinobi Boots (Sun)","16125z","Sm Lao-Shan Claw",1,"Lance Ticket",3,"Monster Fluid",2,"Pnk Rathian Scl",5,10,0,2,1,-6,16125,"Male/Female","Blade/Gunner",5,1,1,"---","Poison",2,"Worry",2,"Hunger",2,"PsychicVis",4,,
"Shinobi Boots (Moon)","16125z","Sm Lao-Shan Claw",1,"Lance Ticket",3,"Monster Fluid",2,"Pnk Rathian Scl",5,10,2,4,2,-5,16125,"Male/Female","Blade/Gunner",5,1,1,"---","Poison",2,"Worry",2,"Hunger",2,"PsychicVis",4,,
"Red Borealis Pants","16125z","Lao-Shan's Spine",1,"Lao-Shan's Scale",5,"Rathian Spike",2,"Commendation",1,22,2,0,-4,-2,16125,"Female","Blade",5,1,1,"---","Rec Speed",2,"Fire Res",5,"PsychicVis",2,,,,
"Red Glyph Pants","16125z","Lao-Shan's Spine",1,"Lao-Shan's Scale",5,"Rathian Spike",2,"Commendation",1,11,3,2,-2,1,16125,"Female","Gunner",5,1,1,"---","Rec Speed",2,"Fire Res",5,"PsychicVis",2,,,,
"Hi-Metal Greaves","1150z","Machalite Ore",6,"Iron Ore",6,"Thunderbug",1,,,10,-2,3,0,-2,1150,"Male/Female","Blade",3,1,1,"---","Health",3,"Map",3,"Gluttony",3,"Backpackng",2,,
"Hi-Metal Leggings","1150z","Machalite Ore",6,"Iron Ore",6,"Thunderbug",1,,,5,0,5,0,0,1150,"Male/Female","Gunner",3,1,1,"---","Health",2,"Map",3,"Gluttony",3,"Backpackng",2,,
"Khezu Greaves","3350z","Flabby Hide",3,"Machalite Ore",2,"Bullfango Pelt",3,,,16,-3,4,0,3,3350,"Male/Female","Blade",3,1,1,"---","Rec Speed",3,"Wide Rec",2,"Recovery",2,"Faint",-2,"Fate",-2
"Khezu Leggings","3350z","Flabby Hide",3,"Machalite Ore",2,"Bullfango Pelt",3,,,9,-1,6,0,5,3350,"Male/Female","Gunner",3,1,1,"---","Rec Speed",3,"Wide Rec",2,"Recovery",2,"Faint",-2,"Fate",-2
"Plesioth Greaves","4150z","Plesioth Scale",3,"Machalite Ore",2,"Cephalos Scale",3,"Plesioth Fin",1,17,-4,-4,0,4,4150,"Male/Female","Blade",3,1,1,"---","Hunger",3,"Water Res",2,"Sleep",2,"PsychicVis",2,"Fire Res",-2
"Plesioth Leggings","4150z","Plesioth Scale",3,"Machalite Ore",2,"Cephalos Scale",3,"Plesioth Fin",1,9,-2,-2,1,6,4150,"Male/Female","Gunner",3,1,1,"---","Hunger",3,"Water Res",2,"Sleep",2,"PsychicVis",2,"Fire Res",-2
"Vespoid Greaves","1150z","Vespoid Wing",5,"Disk Stone",5,"Monster Fluid",1,,,10,-6,2,2,-5,1150,"Male/Female","Blade",3,1,1,"---","Sleep",5,"PsychicVis",6,,,,,,
"Vespoid Leggings","1150z","Vespoid Shell",2,"Disk Stone",5,"Monster Fluid",1,,,5,-5,5,2,-4,1150,"Male/Female","Gunner",3,1,1,"---","Sleep",5,"PsychicVis",6,,,,,,
"Hornet Greaves","1150z","Hornetaur Wing",8,"Hornetaur Shell",1,"Earth Crystal",4,"Monster Fluid",1,10,-6,-5,2,-1,1150,"Male/Female","Blade",3,1,1,"---","Poison",5,,,,,,,,
"Hornet Leggings","1150z","Hornetaur Wing",8,"Hornetaur Shell",1,"Earth Crystal",4,"Monster Fluid",1,5,-5,-3,3,2,1150,"Male/Female","Gunner",3,1,1,"---","Poison",5,,,,,,,,
"Gravios Greaves","7750z","Gravios Shell",5,"Med Monster Bone",3,"Machalite Ore",5,"Ioprey Hide",5,20,2,2,-2,-2,7750,"Male/Female","Blade",3,1,1,"---","Health",2,"Heat Res",3,"Guard",3,"Faint",-3,,
"Gravios Leggings","7750z","Gravios Shell",5,"Med Monster Bone",3,"Machalite Ore",5,"Ioprey Hide",5,10,4,3,0,1,7750,"Male/Female","Gunner",3,1,1,"---","Health",2,"Heat Res",3,"Load",3,"Faint",-3,,
"Rathian Greaves+","16750z","Rathian Plate",1,"Rathian Scale",5,"Rathian Spike",1,"Union Ore",2,26,2,-2,-4,0,16750,"Male/Female","Blade",4,1,1,"---","Health",5,"Rec Speed",2,"Fire Res",2,"ThunderRes",-2,,
"Rathian Leggings+","16750z","Rathian Plate",1,"Rathian Scale",5,"Rathian Spike",1,"Union Ore",2,14,4,0,-2,2,16750,"Male/Female","Gunner",4,1,1,"---","Health",5,"Rec Speed",2,"Fire Res",2,"ThunderRes",-2,,
"Rathalos Greaves+","18250z","Rathalos Plate",1,"Rathalos Shell",3,"Rathalos Webbing",3,"Union Ore",2,27,2,2,-4,-1,18250,"Male/Female","Blade",4,1,1,"---","Attack",5,"Rec Speed",2,"Fate",2,"Dragon Res",-2,,
"Rathalos Leggings+","18250z","Rathalos Plate",1,"Rathalos Shell",3,"Rathalos Webbing",3,"Union Ore",2,15,4,5,-2,2,18250,"Male/Female","Gunner",4,1,1,"---","Attack",5,"Rec Speed",2,"Fate",2,"Worry",-2,,
"Chrome Metal Boots(BuyShopOnly)","3630z","Iron Ore",20,"Machalite Ore",5,"Small Goldenfish",5,,,12,2,0,0,-2,3630,"Male/Female","Blade/Gunner",3,1,1,"---",,,,,,,,,,
"Blue Pants+","1350z","Dragonite Ore",1,"Kelbi Hide",5,"Lg Monster Bone",1,"Monster Bone+",1,11,2,0,0,0,1350,"Male/Female","Blade/Gunner",4,1,1,"---","Throw",5,"Backpackng",3,"Worry",-3,,,,
"(Torso Inc) Green Pants+","1650z","Dragonite Ore",1,"Iron Ore",6,"Kelbi Hide",3,"Monster Bone+",1,12,2,-2,0,2,1650,"Male/Female","Blade/Gunner",4,1,1,"---","Torso Inc",,,,,,,,,
"Hunter's Greaves+","2350z","Dragonite Ore",1,"Bullfango Pelt",5,"Earth Crystal",6,"Monster Bone+",1,14,0,-4,0,0,2350,"Male/Female","Blade",4,1,1,"---","Fishing",4,"Guard Up",2,"Health",2,"Defense",-3,,
"Hunter's Leggings+","2350z","Dragonite Ore",1,"Bullfango Pelt",5,"Earth Crystal",6,"Monster Bone+",1,13,2,-2,0,2,2350,"Male/Female","Gunner",4,1,1,"---","Fishing",4,"NormalSAdd",2,"Health",2,"Defense",-3,,
"Bone Greaves+","4150z","Dragonite Ore",2,"Sm Monster Bone",7,"Velociprey Hide",3,"Monster Bone+",1,17,2,-2,-2,2,4150,"Male/Female","Blade",4,1,1,"---","StealNoEff",5,"Hunger",2,"Flute",2,"Worry",-2,,
"Bone Leggings+","4150z","Dragonite Ore",2,"Sm Monster Bone",7,"Velociprey Hide",3,"Monster Bone+",1,13,5,0,0,5,4150,"Male/Female","Gunner",4,1,1,"---","StealNoEff",5,"Hunger",2,"Flute",2,"Worry",-2,,
"Velociprey Greaves+","4950z","Dragonite Ore",2,"Velociprey Scale",4,"Earth Crystal",6,"Monster Bone+",1,18,1,1,-1,1,4950,"Male/Female","Blade",4,1,1,"---","Faint",5,"PsychicVis",2,"Worry",-2,"Poison",-2,,
"Velociprey Leggings+","4950z","Dragonite Ore",2,"Velociprey Scale",4,"Earth Crystal",6,"Monster Bone+",1,13,3,3,0,3,4950,"Male/Female","Gunner",4,1,1,"---","Faint",5,"PsychicVis",2,"Worry",-2,"Poison",-2,,
"Battle Greaves+","4950z","Dragonite Ore",4,"Kut-Ku Scale",3,"Earth Crystal",3,"Monster Bone+",1,18,2,-2,0,-2,4950,"Male/Female","Blade",4,1,1,"---","Guard",4,"Health",2,"Defense",2,"Faint",-3,,
"Battle Leggings+","4950z","Dragonite Ore",4,"Kut-Ku Scale",3,"Small Bone Husk",6,"Monster Bone+",1,13,4,0,2,0,4950,"Male/Female","Gunner",4,1,1,"---","Load",4,"PsychicVis",2,"Health",-3,"Protection",-2,,
"Silver Boots+(BuyShopOnly)","4700z","Iron Ore",50,"Machalite Ore",20,"King Scarab",4,,,14,0,-2,0,2,4700,"Male/Female","Blade/Gunner",4,1,1,"---",,,,,,,,,,
"Dark Metal Boots+(BuyShopOnly)","5700z","Iron Ore",60,"Dragonite Ore",10,"Basarios Shell",2,,,15,0,2,0,-2,5700,"Male/Female","Blade/Gunner",4,1,1,"---",,,,,,,,,,
"Genprey Greaves+","9250z","Dragonite Ore",2,"Genprey Scale",6,"Genprey Hide",6,"Monster Bone+",1,21,2,3,-1,-2,9250,"Male/Female","Blade",4,1,1,"---","Paralysis",5,"PsychicVis",2,"Worry",-2,"Poison",-2,,
"Genprey Leggings+","9250z","Dragonite Ore",2,"Genprey Scale",6,"Genprey Hide",6,"Monster Bone+",1,14,4,5,0,0,9250,"Male/Female","Gunner",4,1,1,"---","Paralysis",5,"PsychicVis",2,"Worry",-2,"Poison",-2,,
"Pink Metal Boots+(BuyShopOnly)","8300z","Machalite Ore",20,"Union Ore",10,"Pnk Rathian Scl",2,,,17,2,0,0,-2,8300,"Female","Blade/Gunner",4,1,1,"---",,,,,,,,,,
"Chrome Metal Boots+(BuyShopOnly)","9130z","Dragonite Ore",15,"Blk Gravios Crst",3,"Small Goldenfish",5,,,17,2,0,0,-2,9130,"Male/Female","Blade/Gunner",4,1,1,"---",,,,,,,,,,
"Ioprey Greaves+","12250z","Union Ore",1,"Ioprey Scale",6,"Machalite Ore",5,"Monster Bone+",2,23,3,-2,-1,2,12250,"Male/Female","Blade",4,1,1,"---","Poison",5,"ThunderRes",2,"Paralysis",2,"Water Res",-2,,
"Ioprey Leggings+","12250z","Union Ore",1,"Ioprey Scale",6,"Machalite Ore",5,"Monster Bone+",2,14,5,0,0,4,12250,"Male/Female","Gunner",4,1,1,"---","Poison",5,"ThunderRes",2,"Paralysis",2,"Water Res",-2,,
"Gypceros Greaves+","13750z","Monster Bone+",2,"Rubbery Hide",4,"Antiseptic Stone",4,"Gendrome Hide",1,24,-4,4,0,1,13750,"Male/Female","Blade",4,1,1,"---","Wide Cntr",5,"Paralysis",2,"ThunderRes",2,"Water Res",-2,,
"Gypceros Leggings+","13750z","Monster Bone+",2,"Rubbery Hide",4,"Antiseptic Stone",4,"Gendrome Hide",1,14,-1,6,0,4,13750,"Male/Female","Gunner",4,1,1,"---","Wide Cntr",5,"Paralysis",2,"ThunderRes",2,"Water Res",-2,,
"(Torso Inc) Cephalos Greaves+","13750z","Union Ore",1,"Cephalos Scale",5,"Bomb Arrowana",5,"Monster Bone+",2,24,-3,-4,0,2,13750,"Male/Female","Blade",4,1,1,"---","Torso Inc",,,,,,,,,
"(Torso Inc) Cephalos Leggings+","13750z","Union Ore",1,"Cephalos Scale",5,"Bomb Arrowana",5,"Monster Bone+",2,14,-1,-2,1,5,13750,"Male/Female","Gunner",4,1,1,"---","Torso Inc",,,,,,,,,
"Green Pants S","3350z","Carbalite Ore",1,"Machalite Ore",7,"Kelbi Hide",1,"Monster Bone+",1,16,2,0,0,0,3350,"Male/Female","Blade/Gunner",6,1,1,"---","HearProtct",3,"Gathering",2,"PsychicVis",3,"Faint",-3,,
"(Torso Inc) Blue Pants S","4150z","Pure Crystal",2,"Carbalite Ore",2,"Kelbi Hide",2,,,17,2,-2,0,2,4150,"Male/Female","Blade/Gunner",6,1,1,"---","Torso Inc",,,,,,,,,
"Hunter's Greaves S","13750z","Carbalite Ore",4,"Dragonite Ore",3,"Lg Monster Bone",2,"Bullfango Pelt",2,24,0,-4,0,0,13750,"Male/Female","Blade",6,1,1,"---","Rec Speed",2,"Fate",3,"Sleep",-2,,,,
"Hunter's Leggings S","13750z","Carbalite Ore",4,"Dragonite Ore",3,"Lg Monster Bone",2,"Bullfango Pelt",2,18,2,-2,0,2,13750,"Male/Female","Gunner",6,1,1,"---","Rec Speed",2,"Fate",3,"PelletS Up",3,"Load",-1,,
"Bone Greaves S","18250z","Joiner Grasshppr",2,"Bullfango Pelt",4,"King Scarab",4,"Monster Bone+",3,27,2,-2,-2,2,18250,"Male/Female","Blade",6,1,1,"---","StealNoEff",2,"Heat Res",2,"SwdShrpner",3,"PsychicVis",2,"Faint",-2
"Bone Leggings S","18250z","Joiner Grasshppr",2,"Bullfango Pelt",4,"King Scarab",4,"Monster Bone+",3,18,5,0,0,5,18250,"Male/Female","Gunner",6,1,1,"---","StealNoEff",2,"Heat Res",3,"MixSucRate",2,"PsychicVis",3,"Paralysis",-1
"Velociprey Greaves S","19750z","Velociprey Scle+",3,"Velociprey Hide+",3,"Machalite Ore",12,"Monster Bone+",1,28,1,1,-1,1,19750,"Male/Female","Blade",6,1,1,"---","Faint",4,"Sleep",2,"Health",2,"Guard",-3,,
"Velociprey Leggings S","19750z","Velociprey Scle+",3,"Velociprey Hide+",3,"Machalite Ore",12,"Monster Bone+",1,18,3,3,0,3,19750,"Male/Female","Gunner",6,1,1,"---","Faint",4,"Sleep",2,"PelletS Up",2,"Load",-3,,
"Battle Greaves S","19750z","Kut-Ku Carapace",3,"Pure Crystal",1,"King Scarab",5,"Disk Stone",10,28,2,-2,0,-2,19750,"Male/Female","Blade",6,1,1,"---","PsychicVis",4,"Map",2,"Guard Up",3,"Recovery",-2,,
"Battle Leggings S","19750z","Kut-Ku Carapace",3,"Pure Crystal",1,"King Scarab",5,"Dragon Seed",2,18,4,0,2,0,19750,"Male/Female","Gunner",6,1,1,"---","Load",5,"PsychicVis",2,"Defense",-4,,,,
"Silver Boots S(BuyShopOnly)","17250z","Machalite Ore",25,"Nova Crystal",1,"Cephalos Scale+",3,,,19,0,-2,0,2,17250,"Male/Female","Blade/Gunner",6,1,1,"---","Health",5,"Attack",-2,,,,,,
"Vespoid Greaves S","23250z","Vspoid Razorwing",3,"Vespoid Carapace",4,"Vespoid Wing",9,"Joiner Grasshppr",2,30,-6,2,2,-5,23250,"Male/Female","Blade",6,1,1,"---","Poison",3,"WideEffect",2,"PsychicVis",1,"Hunger",-5,,
"Vespoid Leggings S","23250z","Vspoid Razorwing",3,"Vespoid Carapace",4,"Vespoid Wing",6,"Monster Broth",3,16,-5,5,2,-4,23250,"Male/Female","Gunner",6,1,1,"---","Poison",3,"WideEffect",2,"PsychicVis",3,"Hunger",-3,,
"Hornet Greaves S","23250z","Hornet Razorwing",2,"Hornet Carapace",3,"Hornet Bladefin",4,"Joiner Grasshppr",2,30,-6,-5,2,-1,23250,"Male/Female","Blade",6,1,1,"---","Dragon Res",5,"Fate",2,"Hunger",-4,,,,
"Hornet Leggings S","23250z","Hornet Razorwing",2,"Hornet Carapace",3,"Hornet Bladefin",4,"Monster Broth",3,15,-5,-3,3,2,23250,"Male/Female","Gunner",6,1,1,"---","Dragon Res",5,"Fate",2,"Defense",-4,,,,
"Hi-Metal Greaves S","23250z","Carbalite Ore",4,"Nova Crystal",1,"Dragonite Ore",10,"Machalite Ore",15,30,-2,3,0,-2,23250,"Male/Female","Blade",6,1,1,"---","Health",3,"Throw",3,"Cold Res",-5,,,,
"Hi-Metal Leggings S","23250z","Carbalite Ore",4,"Nova Crystal",1,"Dragonite Ore",10,"Machalite Ore",15,18,0,5,0,0,23250,"Male/Female","Gunner",6,1,1,"---","Health",2,"PierceS Up",3,"Cold Res",-4,"Load",-2,,
"Dark Metal Boots S(BuyShopOnly)","23250z","Carbalite Ore",5,"Dragonite Ore",10,"Basarios Wing",1,,,20,0,2,0,-2,23250,"Male/Female","Blade/Gunner",6,1,1,"---","Worry",10,"Gluttony",-1,,,,,,
"Genprey Greaves S","24750z","Genprey Scale+",4,"Genprey Hide+",6,"Carbalite Ore",5,"Monster Bone+",3,31,2,3,-1,-2,24750,"Male/Female","Blade",6,1,1,"---","Paralysis",4,"Faint",2,"BombStrUp",2,"MixSucRate",-3,,
"Genprey Leggings S","24750z","Genprey Scale+",4,"Genprey Hide+",6,"Carbalite Ore",5,"Monster Bone+",3,19,4,5,0,0,24750,"Male/Female","Gunner",6,1,1,"---","Paralysis",4,"Faint",2,"NormalS Up",2,"Load",-3,,
"Pink Metal Boots S(BuyShopOnly)","43000z","Firecell Stone",1,"Union Ore",10,"Pnk Rathian Scl+",2,,,22,2,0,0,-2,43000,"Female","Blade/Gunner",6,1,1,"---","StealNoEff",9,"Spc Attack",2,,,,,,
"Chrome Metal Boots S(BuyShopOnly)","45150z","Carbalite Ore",10,"Blk Gravios Shl",5,"Small Goldenfish",5,,,22,2,0,0,-2,45150,"Male/Female","Blade/Gunner",6,1,1,"---","WindPress",3,"PsychicVis",4,"Defense",-3,,,,
"Ioprey Greaves S","27750z","Ioprey Scale+",4,"Ioprey Hide+",6,"Carbalite Ore",6,"Monster Bone+",3,33,3,-2,-1,2,27750,"Male/Female","Blade",6,1,1,"---","Poison",5,"Paralysis",1,"Protection",2,"MixSucRate",-3,,
"Ioprey Leggings S","27750z","Ioprey Scale+",4,"Ioprey Hide+",6,"Carbalite Ore",6,"Monster Bone+",3,19,5,0,0,4,27750,"Male/Female","Gunner",6,1,1,"---","Poison",4,"Paralysis",3,"PelletS Up",2,"Load",-2,,
"Gypceros Greaves S","29250z","Rubbery Hide+",4,"Monster Broth",2,"Antiseptic Stone",10,"Genprey Hide+",5,34,-4,4,0,1,29250,"Male/Female","Blade",6,1,1,"---","Gluttony",5,"Spc Attack",4,"Defense",-2,,,,
"Gypceros Leggings S","29250z","Rubbery Hide+",4,"Monster Broth",2,"Antiseptic Stone",10,"Genprey Hide+",5,19,-1,6,0,4,29250,"Male/Female","Gunner",6,1,1,"---","Gluttony",3,"PelletSAdd",3,"Load",-2,"Defense",-3,,
"(Torso Inc) Blue Pants;CephalosS/U;(IopreyU)","29250z","Cephalos Scale+",5,"Cephalos Fin+",4,"Nova Crystal",2,"Mega Armorskin",2,34,-3,-4,0,2,29250,"Male/Female","Blade",6,1,1,"---","Torso Inc",,,,,,,,,
"(Torso Inc) Blue Pants;CephalosS/U;IopreyU","29250z","Cephalos Scale+",5,"Cephalos Fin+",4,"Nova Crystal",2,"Mega Armorskin",2,19,-1,-2,1,5,29250,"Male/Female","Gunner",6,1,1,"---","Torso Inc",,,,,,,,,
"Rathian Greaves S","32250z","Rathian Ruby",1,"Rathian Scale+",3,"Inferno Sac",2,"Carbalite Ore",3,36,2,-2,-4,0,32250,"Male/Female","Blade",6,1,1,"---","Health",3,"Protection",2,"Guard",3,"Hunger",-3,,
"Rathian Leggings S","32250z","Rathian Ruby",1,"Rathian Scale+",3,"Inferno Sac",2,"Carbalite Ore",3,19,4,0,-2,2,32250,"Male/Female","Gunner",6,1,1,"---","Protection",3,"Recovery",2,"Defense",3,"MixSucRate",-3,,
"Khezu Greaves S","32250z","Pale Khezu Steak",1,"Khezu Hide - Tan",3,"King Scarab",4,"Lifepowder",3,36,-3,4,0,3,32250,"Male/Female","Blade",6,1,1,"---","Wide Rec",3,"HearProtct",3,"PsychicVis",1,"Faint",-2,"Protection",-2
"Khezu Leggings S","32250z","Pale Khezu Steak",1,"Khezu Hide - Tan",3,"King Scarab",4,"Lifepowder",3,20,-1,6,0,5,32250,"Male/Female","Gunner",6,1,1,"---","Wide Rec",4,"Defense",2,"Poison",-3,"Protection",-2,,
"Rathalos Greaves S","33750z","Rathalos Ruby",1,"Rathlos Carapace",3,"Rathalos Webbing",4,"Joiner Grasshppr",2,37,2,2,-4,-1,33750,"Male/Female","Blade",6,1,1,"---","Artisan",4,"Rec Speed",1,"Protection",1,"Hunger",-5,,
"Rathalos Leggings S","33750z","Rathalos Ruby",1,"Rathlos Carapace",3,"Rathalos Webbing",4,"Joiner Grasshppr",2,20,4,5,-2,2,33750,"Male/Female","Gunner",6,1,1,"---","PierceS Up",3,"Rec Speed",2,"PsychicVis",2,"Load",-2,"Fate",-2
"Plesioth Greaves S","33750z","Plesioth Scale+",4,"Plesioth Top Fin",2,"Carbalite Ore",3,"Cephalos Scale+",1,37,-4,-4,0,4,33750,"Male/Female","Blade",6,1,1,"---","Fishing",3,"Heat Res",3,"Hunger",3,"Faint",-2,,
"Plesioth Leggings S","33750z","Plesioth Scale+",4,"Plesioth Top Fin",2,"Carbalite Ore",3,"Cephalos Scale+",1,20,-2,-2,1,6,33750,"Male/Female","Gunner",6,1,1,"---","Fishing",3,"Heat Res",3,"Hunger",3,"Faint",-2,,
"Gravios Greaves S","38250z","GraviosHeavyShl",2,"StrngGraviosWing",1,"Gravios Shell",6,"Hrd Monster Bone",2,40,2,2,-2,-2,38250,"Male/Female","Blade",6,1,1,"---","Health",3,"Attack",3,"Defense",-3,"Protection",-2,,
"Gravios Leggings S","38250z","GraviosHeavyShl",2,"StrngGraviosWing",1,"Gravios Shell",6,"Hrd Monster Bone",2,20,4,3,0,1,38250,"Male/Female","Gunner",6,1,1,"---","ClustS Add",3,"PsychicVis",2,"Load",-3,,,,
"(Torso+1)Cream Pants","3350z","Rathian Carapace",1,"Carbalite Ore",3,"WhtVelopry Scale",2,"Monster Bone+",3,16,3,3,1,3,3350,"Male/Female","Blade/Gunner",6,1,1,"---","Torso +1",14,"Spc Attack",1,,,,,,
"Hunter's Greaves U","13750z","Rathlos Carapace",1,"Carbalite Ore",1,"Blk Gravios Shl",3,"Bullfango Pelt",2,24,0,-4,0,0,13750,"Male/Female","Blade",6,1,1,"---","Map",2,"SwdShrpner",2,"All Res Up",3,"Faint",-1,,
"Hunter's Leggings U","13750z","Rathlos Carapace",1,"Carbalite Ore",1,"Blk Gravios Shl",3,"Bullfango Pelt",2,18,2,-2,0,2,13750,"Male/Female","Gunner",6,1,1,"---","Map",2,"PsychicVis",5,"Faint",-4,,,,
"Bone Greaves U","18250z","Firecell Stone",1,"Hrd Monster Bone",1,"Crimson Horn",2,"King Scarab",2,27,2,-2,-2,2,18250,"Male/Female","Blade",6,1,1,"---","Alchemy",3,"All Res Up",3,"Attack",3,"Defense",-2,,
"Bone Leggings U","18250z","Firecell Stone",1,"Hrd Monster Bone",1,"Crimson Horn",2,"King Scarab",2,18,5,0,0,5,18250,"Male/Female","Gunner",6,1,1,"---","Alchemy",3,"All Res Up",2,"PsychicVis",3,"Protection",-2,,
"Velociprey Greaves U","38250z","WhtVelopry Scale",3,"Wht Velopry Hide",5,"Blk Gravios Cpc",3,"Joiner Grasshppr",4,40,1,1,-1,1,38250,"Male/Female","Blade",6,1,1,"---","Gluttony",2,"All Res Up",3,"PsychicVis",3,"Poison",-3,,
"Velociprey LeggingsU","38250z","WhtVelopry Scale",3,"Wht Velopry Hide",5,"Blk Gravios Cpc",3,"Joiner Grasshppr",4,20,3,3,0,3,38250,"Male/Female","Gunner",6,1,1,"---","Gluttony",2,"All Res Up",2,"Health",-2,,,,
"Hi-Metal Greaves U","23250z","Basarios Tears",1,"Pure Crystal",1,"Carbalite Ore",3,"Nova Crystal",1,30,-2,3,0,-2,23250,"Male/Female","Blade",6,1,1,"---","Health",6,"Sharpness",2,"Faint",-3,,,,
"Hi-Metal Leggings U","23250z","Basarios Tears",1,"Pure Crystal",1,"Carbalite Ore",3,"Nova Crystal",1,18,0,5,0,0,23250,"Male/Female","Gunner",6,1,1,"---","Health",2,"Shot Mix",2,"PsychicVis",3,"Heat Res",-2,"MixSucRate",-2
"Gypceros Greaves U","29250z","Pur Rubbery Hide",3,"Monster Broth",2,"Antiseptic Stone",10,"Genprey Hide+",5,34,-4,4,0,1,29250,"Male/Female","Blade",6,1,1,"---","Poison",3,"Recovery",2,"PsychicVis",2,"Wide Cntr",2,"Defense",-2
"Gypceros Leggings U","29250z","Pur Rubbery Hide",3,"Monster Broth",2,"Antiseptic Stone",10,"Genprey Hide+",5,19,-1,6,0,4,29250,"Male/Female","Gunner",6,1,1,"---","BmbShotAdd",6,"Health",-5,,,,,,
"(Torso Inc) Cephalos Greaves U","29250z","Coral Cphlos Scl",4,"Coral Cphlos Fin",4,"Nova Crystal",2,"Mega Demondrug",2,0,-3,-4,0,2,29250,"Male/Female","Blade",6,1,1,"---","Torso Inc",,,,,,,,,
"(Torso Inc) Cephalos Leggings U","29250z","Coral Cphlos Scl",4,"Coral Cphlos Fin",4,"Nova Crystal",2,"Mega Demondrug",2,0,-1,-2,1,5,29250,"Male/Female","Gunner",6,1,1,"---","Torso Inc",,,,,,,,,
"Khezu Greaves U","32250z","Alluring Hide",2,"Pale Khezu Steak",1,"Monster Broth",2,"Joiner Grasshppr",3,36,3,4,0,-3,32250,"Male/Female","Blade",6,1,1,"---","Rec Speed",6,"Recovery",3,"SwdShrpner",-2,,,,
"Khezu Leggings U","32250z","Alluring Hide",2,"Pale Khezu Steak",1,"Monster Broth",2,"Joiner Grasshppr",3,20,5,6,0,-1,32250,"Male/Female","Gunner",6,1,1,"---","Wide Rec",4,"Recovery",2,"Load",-3,"Worry",-2,,
"Plesioth Greaves U","33750z","Grn Plesioth Scl",2,"Grn Plesioth Fin",3,"Cephalos Scale+",2,"Genprey Scale+",5,37,-4,-4,0,4,33750,"Male/Female","Blade",6,1,1,"---","Attack",4,"Protection",2,"Fate",3,"Guard",-2,,
"Plesioth Leggings U","33750z","Grn Plesioth Scl",2,"Grn Plesioth Fin",3,"Cephalos Scale+",2,"Genprey Scale+",5,20,-2,-2,1,6,33750,"Male/Female","Gunner",6,1,1,"---","Attack",4,"Protection",2,"Fate",3,"Health",-2,,
"Gravios Greaves U","38250z","Blk Gravios Cpc",2,"Blk Gravios Shl",5,"Hrd Monster Bone",4,"Rubbery Hide+",3,40,2,2,0,-2,38250,"Male/Female","Blade",6,1,1,"---","Health",2,"Heat Res",3,"Fate",4,"Fencing",1,"Recovery",-1
"Gravios Leggings U","38250z","Blk Gravios Cpc",2,"Blk Gravios Shl",5,"Hrd Monster Bone",4,"Rubbery Hide+",3,24,4,3,0,1,38250,"Male/Female","Gunner",6,1,1,"---","Heat Res",3,"PsychicVis",2,"Load",2,"Health",-4,,
"Black Belt Greaves","3300z","Khezu Coin",13,"Grt Sword Ticket",4,"Saber Ticket",4,"Monoblos Coin",12,12,2,2,2,2,3300,"Male/Female","Blade/Gunner",5,1,1,"---","Artisan",1,"PierceS Up",3,"Faint",-2,,,,
"Rathian HeartGreaves","5025z","Pnk Rathian Scl",4,"Pnk Rathian Shl",2,"Pnk Rathian Claw",1,"Machalite Ore",5,16,2,-2,-4,0,5025,"Male/Female","Blade",5,1,1,"---","Health",2,"Fate",2,"Alchemy",3,"PsychicVis",2,"Paralysis",-2
"RathianHeartLeggings","5025z","Pnk Rathian Scl",4,"Pnk Rathian Shl",2,"Pnk Rathian Claw",1,"Machalite Ore",5,8,4,0,-2,2,5025,"Male/Female","Gunner",5,1,1,"---","Health",2,"Fate",2,"Alchemy",2,"PsychicVis",3,"Hunger",-2
"Rathalos SoulGreaves","6225z","Azure Rthlos Shl",2,"Azure Rthlos Clw",1,"Azr Rthls Webbng",2,"Machalite Ore",5,17,2,-1,-4,2,6225,"Male/Female","Blade",5,1,1,"---","HearProtct",3,"SwdShrpner",2,"Whim",-2,,,,
"RathalosSoulLeggings","6225z","Azure Rthlos Shl",2,"Azure Rthlos Clw",1,"Azr Rthls Webbng",2,"Machalite Ore",5,9,4,2,-2,5,6225,"Male/Female","Gunner",5,1,1,"---","HearProtct",2,"Shot Mix",3,"Whim",-2,,,,
"Shinobi Boots(White)","39375z","Fatalis' Wing",1,"Guild Ticket",1,"Monster Broth",2,"Pnk Rthian Thorn",2,15,0,2,1,-6,39375,"Male/Female","Blade/Gunner",5,1,1,"---","Poison",3,"Worry",2,"Hunger",2,"PsychicVis",4,,
"Shinobi Boots(Black)","39375z","Fatalis' Wing",1,"Guild Ticket",1,"Monster Broth",2,"Pnk Rthian Thorn",2,15,2,4,2,-5,39375,"Male/Female","Blade/Gunner",5,1,1,"---","Poison",3,"Worry",2,"Hunger",2,"PsychicVis",4,,
"Guild Knight Boots+","39375z","King Scarab",3,"Guild Ticket",1,"Egg Ticket",2,"Blk Gravios Shl",3,15,0,0,0,0,39375,"Male","Blade/Gunner",5,1,1,"---","Gathering",2,"Whim",3,"Fate",3,"PsychicVis",3,,
"Guild Knight Tights+","39375z","King Scarab",3,"Guild Ticket",1,"Egg Ticket",2,"Blk Gravios Shl",3,15,0,0,0,0,39375,"Male","Blade/Gunner",5,1,1,"---","Gathering",2,"Whim",3,"Fate",3,"PsychicVis",3,,
"Maiden's Stockings+","39375z","King Scarab",3,"Guild Ticket",1,"Egg Ticket",2,"Blk Gravios Shl",3,15,0,0,0,0,39375,"Female","Blade/Gunner",5,1,1,"---","Gathering",2,"Whim",3,"Fate",3,"PsychicVis",3,,
"Personal Tights+","39375z","King Scarab",3,"Guild Ticket",1,"Egg Ticket",2,"Blk Gravios Shl",3,15,0,0,0,0,39375,"Female","Blade/Gunner",5,1,1,"---","Gathering",2,"Whim",3,"Fate",3,"PsychicVis",3,,
"RathianHeartGreaves+","25125z","Pnk Rthian Plate",1,"Pnk Rathian Shl",4,"Pnk Rthian Thorn",1,"Light Crystal",2,26,2,-2,-4,0,25125,"Male/Female","Blade",5,1,1,"---","Health",3,"Fate",2,"PsychicVis",1,"Worry",-2,"Hunger",-3
"RathianHeartLegging+","25125z","Pnk Rthian Plate",1,"Pnk Rathian Shl",4,"Pnk Rthian Thorn",1,"Light Crystal",2,14,4,0,-2,2,25125,"Male/Female","Gunner",5,1,1,"---","Health",3,"Fate",2,"PsychicVis",1,"Worry",-2,"Hunger",-3
"RathalosSoulGreaves+","27375z","Azre Rthls Plate",1,"Azure Rthlos Shl",4,"Azure Rthlos Clw",2,"Nova Crystal",1,27,2,-1,-4,2,27375,"Male/Female","Blade",5,1,1,"---","Faint",3,"Attack",2,"PsychicVis",4,"Defense",-2,,
"RathalosSoulLegging+","27375z","Azre Rthls Plate",1,"Azure Rthlos Shl",4,"Azure Rthlos Clw",2,"Nova Crystal",1,15,4,2,-2,5,27375,"Male/Female","Gunner",5,1,1,"---","Faint",2,"Attack",2,"PsychicVis",2,"Defense",-2,"Whim",-3
"Auroros Pants Mai","39375z","LaoShan Thoracic",1,"Lao-Shan's Scale",5,"Rathian Plate",1,"Commendation",3,32,-2,0,-4,2,39375,"Male","Blade",5,1,1,"---","Rec Speed",2,"Map",2,"Guard",4,"Faint",-3,,
"Genesis Pants Mai","39375z","LaoShan Thoracic",1,"Lao-Shan's Scale",5,"Rathian Plate",1,"Commendation",3,16,1,2,-2,3,39375,"Male","Gunner",5,1,1,"---","Rec Speed",2,"Map",2,"Load",4,"Health",-3,,
"Borealis Pants Mai","39375z","LaoShan Thoracic",1,"Lao-Shan's Scale",5,"Rathian Plate",1,"Commendation",3,32,-2,0,-4,2,39375,"Female","Blade",5,1,1,"---","Rec Speed",2,"Map",2,"Guard",4,"Faint",-3,,
"Glyph Pants Mai","39375z","LaoShan Thoracic",1,"Lao-Shan's Scale",5,"Rathian Plate",1,"Commendation",3,16,1,2,-2,3,39375,"Female","Gunner",5,1,1,"---","Rec Speed",2,"Map",2,"Load",4,"Health",-3,,
"Red Borealis Mai","39375z","LaoShan Thoracic",1,"Lao-Shan's Scale",5,"Rathian Plate",1,"Commendation",3,32,2,0,-4,-2,39375,"Female","Blade",5,1,1,"---","Rec Speed",2,"Map",2,"Fire Res",5,"PsychicVis",2,,
"Red Glyph Mai","39375z","LaoShan Thoracic",1,"Lao-Shan's Scale",5,"Rathian Plate",1,"Commendation",3,16,3,2,-2,1,39375,"Female","Gunner",5,1,1,"---","Rec Speed",2,"Map",2,"Fire Res",5,"PsychicVis",2,,
"Dragonfeet+","55555z","Fatalis' Scale+",3,"Fatalis Carapace",2,"Fatalis' Wing",1,"Pnk Rthian Plate",1,34,0,2,-5,2,55555,"Male/Female","Blade",5,1,1,"---","Attack",2,"WindPress",3,"PsychicVis",1,"Defense",-2,"Hunger",-3
"Dragonlegs+","55555z","Fatalis' Scale+",3,"Fatalis Carapace",2,"Fatalis' Wing",1,"Pnk Rthian Plate",1,17,2,4,-2,4,55555,"Male/Female","Gunner",5,1,1,"---","Attack",2,"WindPress",3,"PsychicVis",1,"Health",-2,"Hunger",-3
"(Torso+2)ShinobiBoots(Heaven)","61875z","Fatalis Strg Wng",1,"Guild Ticket",1,"Monster Broth",5,"Pnk Rathian Scl+",5,10,0,2,1,-6,61875,"Male/Female","Blade/Gunner",7,1,1,"---","Torso +2",10,,,,,,,,
"(Torso+2)Shinobi Boots(Earth)","61875z","Fatalis Strg Wng",1,"Guild Ticket",1,"Monster Broth",5,"Pnk Rathian Scl+",5,10,2,4,2,-5,61875,"Male/Female","Blade/Gunner",7,1,1,"---","Torso +2",10,,,,,,,,
"Guild Knight Boots S","61875z","Pure Crystal",1,"Guild Ticket",1,"Egg Ticket",5,"Black Blos Spine",2,20,0,0,0,0,61875,"Male","Blade/Gunner",7,1,1,"---","Protection",2,"Fate",3,"Gluttony",2,"Alchemy",2,"Poison",-2
"Guild Knight TightsS","61875z","Pure Crystal",1,"Guild Ticket",1,"Egg Ticket",5,"Black Blos Spine",2,20,0,0,0,0,61875,"Male","Blade/Gunner",7,1,1,"---","Protection",2,"Fate",3,"Gluttony",2,"Alchemy",2,"Poison",-2
"Maiden's Stockings S","61875z","Pure Crystal",1,"Guild Ticket",1,"Egg Ticket",5,"Black Blos Spine",2,20,0,0,0,0,61875,"Female","Blade/Gunner",7,1,1,"---","Protection",2,"Fate",3,"Gluttony",2,"Alchemy",2,"Poison",-2
"Personal Tights S","61875z","Pure Crystal",1,"Guild Ticket",1,"Egg Ticket",5,"Black Blos Spine",2,20,0,0,0,0,61875,"Female","Blade/Gunner",7,1,1,"---","Protection",2,"Fate",3,"Gluttony",2,"Alchemy",2,"Poison",-2
"RathianHeartGreavesS","48375z","Pnk Rathian Rby",1,"Pnk Rathian Scl+",3,"Pnk Rathian Shl",5,"Pure Crystal",1,36,2,-2,-4,0,48375,"Male/Female","Blade",7,1,1,"---","Health",3,"Recovery",2,"PsychicVis",2,"Faint",-2,"Hunger",-2
"RathianHeartLeggings","48375z","Pnk Rathian Rby",1,"Pnk Rathian Scl+",3,"Pnk Rathian Shl",5,"Pure Crystal",1,19,4,0,-2,2,48375,"Male/Female","Gunner",7,1,1,"---","Health",3,"Recovery",2,"Shot Mix",2,"Faint",-2,"MixSucRate",-2
"RathalosSoulGreavesS","50625z","Azure Rthlos Rby",1,"Azre Rthlos Scl+",1,"Azure Rthlos Scl",4,"Pure Crystal",1,37,2,-1,-4,2,50625,"Male/Female","Blade",7,1,1,"---","Sharpness",3,"WindPress",2,"Hunger",-3,"Faint",-3,,
"RathalosSoulLeggingS","50625z","Azure Rthlos Rby",1,"Azre Rthlos Scl+",1,"Azure Rthlos Scl",4,"Pure Crystal",1,20,4,2,-2,5,50625,"Male/Female","Gunner",7,1,1,"---","NormalS Up",3,"Fate",3,"Load",-3,"Whim",-2,,
"Auroros Pants Haku","61875z","LaoS Heavy Shell",1,"Lao-Shan Scale+",5,"Rathian Ruby",1,"Commendation",3,42,-2,0,-4,2,61875,"Male","Blade",7,1,1,"---","Rec Speed",2,"Attack",3,"SwdShrpner",2,"Defense",-4,,
"Genesis Pants Haku","61875z","LaoS Heavy Shell",1,"Lao-Shan Scale+",5,"Rathian Ruby",1,"Commendation",3,21,1,2,-2,3,61875,"Male","Gunner",7,1,1,"---","Rec Speed",3,"Load",3,"Defense",-5,,,,
"Borealis Pants Haku","61875z","LaoS Heavy Shell",1,"Lao-Shan Scale+",5,"Rathian Ruby",1,"Commendation",3,42,-2,0,-4,2,61875,"Female","Blade",7,1,1,"---","Rec Speed",2,"Attack",3,"SwdShrpner",2,"Defense",-4,,
"Glyph Pants Haku","61875z","LaoS Heavy Shell",1,"Lao-Shan Scale+",5,"Rathian Ruby",1,"Commendation",3,21,1,2,-2,3,61875,"Female","Gunner",7,1,1,"---","Rec Speed",3,"Load",3,"Defense",-5,,,,
"Red Borealis Haku","61875z","LaoS Heavy Shell",1,"Lao-Shan Scale+",5,"Rathian Ruby",1,"Commendation",3,42,2,0,-4,-2,61875,"Female","Blade",7,1,1,"---","Rec Speed",2,"All Res Up",3,"PsychicVis",2,"Defense",-4,,
"Red Glyph Haku","61875z","LaoS Heavy Shell",1,"Lao-Shan Scale+",5,"Rathian Ruby",1,"Commendation",3,21,3,2,-2,1,61875,"Female","Gunner",7,1,1,"---","Rec Speed",2,"All Res Up",2,"PsychicVis",5,"Load",-2,,
"Dragonfeet S","111111z","Thck Fatalis Scl",3,"Fatalis Hvy Shl",2,"Fatalis Strg Wng",1,"Pnk Rathian Rby",1,44,0,2,-5,2,111111,"Male/Female","Blade",7,1,1,"---","Rec Speed",2,"Attack",3,"Sharpness",2,"Faint",-4,,
"Dragonlegs S","111111z","Thck Fatalis Scl",3,"Fatalis Hvy Shl",2,"Fatalis Strg Wng",1,"Pnk Rathian Rby",1,22,2,4,-2,4,111111,"Male/Female","Gunner",7,1,1,"---","Rec Speed",2,"Load",4,"Protection",3,"Defense",-2,,
"Auroros Pants Ten","123750z","Azure LaoS Spine",1,"Azure LaoS Scale",5,"Azure Rthlos Rby",1,"Commendation",3,42,-2,0,-4,2,123750,"Male","Blade",7,1,1,"---","Fencing",3,"Attack",3,"Recovery",-2,"Guard",-3,,
"Genesis Pants Ten","123750z","Azure LaoS Spine",1,"Azure LaoS Scale",5,"Azure Rthlos Rby",1,"Commendation",3,21,1,2,-2,3,123750,"Male","Gunner",7,1,1,"---","Recoil",3,"Load",-5,"Defense",-3,,,,
"Borealis Pants Ten","123750z","Azure LaoS Spine",1,"Azure LaoS Scale",5,"Pnk Rathian Rby",1,"Commendation",3,42,-2,0,-4,2,123750,"Female","Blade",7,1,1,"---","Fencing",3,"Attack",3,"Recovery",-2,"Guard",-3,,
"Glyph Pants Ten","123750z","Azure LaoS Spine",1,"Azure LaoS Scale",5,"Pnk Rathian Rby",1,"Commendation",3,21,1,2,-2,3,123750,"Female","Gunner",7,1,1,"---","Recoil",3,"Load",-5,"Defense",-3,,,,
"Golden Moon Greaves","57375z","Gld Rathian Rby",1,"Gld Rathian Shl",3,"Gld Rathian Claw",3,"Gld Rthian Spike",3,40,2,-2,0,0,57375,"Male/Female","Blade",7,1,1,"---","Fate",3,"Sharpness",2,"PsychicVis",2,"SwdShrpner",-2,"Faint",-2
"Golden Moon Leggings","57375z","Gld Rathian Rby",1,"Gld Rathian Shl",3,"Gld Rathian Claw",3,"Gld Rthian Spike",3,20,4,0,0,2,57375,"Male/Female","Gunner",7,1,1,"---","Fate",3,"NormalS Up",2,"PsychicVis",2,"Load",-2,"Worry",-2
"Silver Sol Greaves","61875z","Slvr Rthalos Rby",1,"Slvr Rthalos Clw",3,"Slvr Rthalos Shl",3,"Slv Rthls Webbng",2,42,2,2,0,-1,61875,"Male/Female","Blade",7,1,1,"---","Fencing",3,"Sharpness",2,"Faint",-3,"Fate",-3,,
"Silver Sol Leggings","61875z","Slvr Rthalos Rby",1,"Slvr Rthalos Clw",3,"Slvr Rthalos Shl",3,"Slv Rthls Webbng",2,21,4,5,0,2,61875,"Male/Female","Gunner",7,1,1,"---","PierceSAdd",5,"Flute",3,"Health",-3,,,,
"Fatalis Feet","222222z","Fatlis Crmsn Scl",3,"Fatlis Crmsn Shl",2,"Fatalis Strg Wng",1,"Rathian Plate",1,44,0,2,-5,2,222222,"Male/Female","Blade",7,1,1,"---","Artisan",2,"All Res Up",2,"Protection",3,"Hunger",-2,"Faint",-2
"Fatalis Legs","222222z","Fatlis Crmsn Scl",3,"Fatlis Crmsn Shl",2,"Fatalis Strg Wng",1,"Rathian Plate",3,22,2,4,-2,4,222222,"Male/Female","Gunner",7,1,1,"---","Rapid Fire",2,"PsychicVis",1,"All Res Up",-3,"Defense",-5,,
"Battle Greaves U","19750z","Firecell Stone",2,"Kut-Ku Carapace",3,"Joiner Grasshppr",3,"Disk Stone",15,28,2,-2,0,-2,19750,"Male/Female","Blade",6,1,1,"---","PsychicVis",2,"Sharpness",3,"Sleep",-3,"Faint",-3,,
"Battle Leggings U","19750z","Firecell Stone",2,"Kut-Ku Carapace",3,"Joiner Grasshppr",3,"Dragon Seed",2,18,4,0,2,0,19750,"Male/Female","Gunner",6,1,1,"---","PsychicVis",3,"PierceSAdd",2,"Map",2,"Health",-3,"Faint",-1
"Green Pants*","150z",,,,,,,,,1,2,0,0,0,150,"Male/Female","Blade/Gunner",1,1,1,"---",,,,,,,,,,
"Basarios Greaves","3350z","Basarios Shell",3,"Machalite Ore",5,"Poison Sac",3,"Genprey Hide",5,16,0,2,-2,2,3350,"Male/Female","Blade",3,1,1,"---","Defense",2,"Sleep",2,"PsychicVis",3,"Protection",-2,,
"Basarios Leggings","3350z","Basarios Shell",3,"Machalite Ore",5,"Poison Sac",3,"Genprey Hide",5,8,2,4,0,4,3350,"Male/Female","Gunner",3,1,1,"---","Defense",2,"Sleep",2,"PsychicVis",3,"Protection",-2,,
"Velociprey Feet","750z","Velocidrome Claw",2,"Rubbery Hide",2,"Velociprey Hide",10,"Velociprey Scale",10,8,0,0,0,0,750,"Male/Female","Blade/Gunner",5,1,1,"---","Faint",3,"Fate",3,"PsychicVis",2,"Whim",-2,,
"Genprey Feet","750z","Genprey Fang",10,"Rubbery Hide",2,"Genprey Hide",10,"Genprey Scale",10,8,0,0,0,0,750,"Male/Female","Blade/Gunner",5,1,1,"---","Paralysis",3,"Whim",3,"PsychicVis",2,"MixSucRate",-2,,
"Ioprey Feet","750z","Ioprey Fang",10,"Rubbery Hide",2,"Ioprey Hide",10,"Ioprey Scale",10,8,0,0,0,0,750,"Male/Female","Blade/Gunner",5,1,1,"---","Poison",3,"PsychicVis",3,"Backpackng",3,"Health",-2,,
"Mosswine Feet","100z","Gypceros Coin",1,"Bullfango Pelt",2,,,,,1,0,0,0,0,100,"Male/Female","Blade/Gunner",5,1,1,"---","Gluttony",5,"Health",2,"Hunger",-2,,,,
"Kirin Leg Guards","13875z","Kirin Hide",1,"Flabby Hide",2,"Rubbery Hide",3,"Electro Sac",3,21,0,4,0,0,13875,"Male/Female","Blade",5,1,1,"---","All Res Up",2,"Recovery",2,"Protection",2,"Hunger",1,,
"Kirin Boots","13875z","Kirin Hide",1,"Flabby Hide",2,"Rubbery Hide",3,"Electro Sac",3,10,2,6,0,2,13875,"Male/Female","Gunner",5,1,1,"---","All Res Up",2,"Recovery",2,"Protection",2,"Defense",1,,
"Garuga Greaves","16750z","Garuga Scale",5,"Garuga Shell",5,"Garuga Wing",1,"Genprey Hide",5,26,2,2,0,0,16750,"Male/Female","Blade",5,1,1,"---","Sharpness",3,"Spc Attack",2,"PsychicVis",2,"SwdShrpner",-3,,
"Garuga Boots","16750z","Garuga Scale",5,"Garuga Shell",5,"Garuga Wing",1,"Genprey Hide",5,14,3,3,0,2,16750,"Male/Female","Gunner",5,1,1,"---","PelletS Up",2,"Health",2,"PsychicVis",2,"MixSucRate",-2,,
"Velociprey Greaves D","7750z","WhtVeloprySclPc",3,"Disk Stone",3,"Kelbi Hide",1,"Blk Gravios Crst",3,20,1,1,-1,1,7750,"Male/Female","Blade",3,1,1,"---","Gluttony",2,"WideEffect",3,"PsychicVis",2,"Poison",-3,,
"Velociprey LeggingsD","7750z","WhtVeloprySclPc",3,"Disk Stone",3,"Kelbi Hide",1,"Blk Gravios Crst",3,10,3,3,0,3,7750,"Male/Female","Gunner",3,1,1,"---","Gluttony",2,"WideEffect",3,"PsychicVis",2,"Health",-2,,
"Plesioth Greaves D","4150z","GrnPlesiothSclPc",3,"Monster Fluid",1,"Earth Crystal",4,"GrnPlesiothFinPc",1,17,-4,-4,0,4,4150,"Male/Female","Blade",3,1,1,"---","Attack",4,"Fishing",3,"Whim",3,"PsychicVis",1,,
"Plesioth Leggings D","4150z","GrnPlesiothSclPc",3,"Monster Fluid",1,"Earth Crystal",4,"GrnPlesiothFinPc",1,9,-2,-2,1,6,4150,"Male/Female","Gunner",3,1,1,"---","Attack",4,"Fishing",3,"Whim",3,"PsychicVis",1,,
"Gravios Greaves D","7750z","Blk Gravios Crst",6,"Med Monster Bone",2,"Machalite Ore",5,"Rubbery Hide",2,20,2,2,0,-2,7750,"Male/Female","Blade",3,1,1,"---","Health",2,"Heat Res",3,"Map",2,"PsychicVis",2,"Gathering",-1
"Gravios Leggings D","7750z","Blk Gravios Crst",6,"Med Monster Bone",2,"Machalite Ore",5,"Rubbery Hide",2,10,4,3,0,1,7750,"Male/Female","Gunner",3,1,1,"---","Health",2,"Heat Res",2,"Protection",2,"PsychicVis",2,,
"Basarios Greaves+","16750z","Basarios Wing",1,"Basarios Shell",3,"Genprey Hide",5,"Earth Crystal",10,26,0,2,-2,2,16750,"Male/Female","Blade",4,1,1,"---","Defense",2,"Poison",2,"Worry",2,"PsychicVis",3,"Protection",-2
"Basarios Leggings+","16750z","Basarios Wing",1,"Basarios Shell",3,"Genprey Hide",5,"Earth Crystal",10,14,2,4,0,4,16750,"Male/Female","Gunner",4,1,1,"---","Defense",2,"Poison",2,"Worry",2,"PsychicVis",3,"Protection",-2
"Velociprey Feet+","1950z","Monster Bone+",1,"Velocidrome Claw",3,"Rubbery Hide",2,"BmboFlynMealPass",1,13,0,0,0,0,1950,"Male/Female","Blade/Gunner",5,1,1,"---","Faint",4,"Fate",2,"PsychicVis",2,"Whim",-2,,
"Genprey Feet+","1950z","Monster Bone+",1,"Genprey Fang",10,"Rubbery Hide",2,"Genprey Scale",10,13,0,0,0,0,1950,"Male/Female","Blade/Gunner",5,1,1,"---","Paralysis",4,"Whim",2,"PsychicVis",2,"MixSucRate",-2,,
"Ioprey Feet+","1950z","Monster Bone+",1,"King Scarab",4,"Rubbery Hide",2,"Ioprey Scale",10,13,0,0,0,0,1950,"Male/Female","Blade/Gunner",5,1,1,"---","Poison",4,"PsychicVis",3,"Map",3,"Health",-1,,
"Mosswine Feet+","1350z","Monster Bone+",1,"Mosswine Hide",1,"Bullfango Pelt",8,,,11,0,0,0,0,1350,"Male/Female","Blade/Gunner",5,1,1,"---","Gluttony",3,"Health",3,"Hunger",-2,,,,
"Kirin Leg Guards+","37125z","Kirin Hide+",1,"Kirin Hide",3,"Rubbery Hide",3,"Electro Sac",3,31,0,4,0,0,37125,"Male/Female","Blade",5,1,1,"---","All Res Up",2,"Recovery",2,"Fate",2,"Cold Res",-2,,
"Kirin Boots+","37125z","Kirin Hide+",1,"Kirin Hide",3,"Rubbery Hide",3,"Electro Sac",3,15,2,6,0,2,37125,"Male/Female","Gunner",5,1,1,"---","All Res Up",2,"Recovery",2,"Fate",2,"Cold Res",-2,,
"Plesioth Greaves K","18250z","Grn Plesioth Fin",2,"Union Ore",3,"King Scarab",3,"GrnPlesiothSclPc",4,27,-4,-4,0,4,18250,"Male/Female","Blade",4,1,1,"---","Attack",3,"Protection",2,"Fate",2,"PsychicVis",2,"Guard",-2
"Plesioth Leggings K","18250z","Grn Plesioth Fin",2,"Union Ore",3,"King Scarab",3,"GrnPlesiothSclPc",4,15,-2,-2,1,6,18250,"Male/Female","Gunner",4,1,1,"---","Attack",3,"Protection",2,"Fate",3,"PsychicVis",1,"Health",-2
"Gravios Greaves K","23250z","Blk Gravios Shl",2,"Blk Gravios Crst",5,"Lg Monster Bone",5,"Ioprey Hide",3,30,2,2,0,-2,23250,"Male/Female","Blade",4,1,1,"---","Health",2,"Heat Res",3,"Flute",2,"Sharpness",1,"Gathering",-2
"Gravios Leggings K","23250z","Blk Gravios Shl",2,"Blk Gravios Crst",5,"Lg Monster Bone",5,"Ioprey Hide",3,15,4,3,0,1,23250,"Male/Female","Gunner",4,1,1,"---","Health",3,"Heat Res",2,"Protection",2,"PsychicVis",2,"Gathering",-2
"Basarios Greaves S","32250z","Basrios Carapace",3,"Carbalite Ore",5,"Toxin Sac",3,"Genprey Hide+",5,36,0,2,-2,2,32250,"Male/Female","Blade",6,1,1,"---","Defense",3,"Worry",2,"WindPress",2,"Protection",-2,"Faint",-1
"Basarios Leggings S","32250z","Basrios Carapace",3,"Carbalite Ore",5,"Toxin Sac",3,"Genprey Hide+",5,19,2,4,0,4,32250,"Male/Female","Gunner",6,1,1,"---","Defense",3,"Worry",2,"PierceSAdd",2,"Protection",-2,"Load",-1
"Velociprey Feet S","4950z","Velociprey Scle+",6,"Velociprey Hide+",10,"Rubbery Hide+",2,"Velocidrome Claw",3,18,0,0,0,0,4950,"Male/Female","Blade/Gunner",7,1,1,"---","Faint",4,"Fate",2,"Flute",2,"Whim",-3,,
"Genprey Feet S","4950z","Genprey Scale+",6,"Genprey Hide+",10,"Rubbery Hide+",2,"Gendrome Hide",2,18,0,0,0,0,4950,"Male/Female","Blade/Gunner",7,1,1,"---","Paralysis",4,"Whim",2,"WideEffect",3,"MixSucRate",-2,,
"Ioprey Feet S","4950z","Ioprey Scale+",6,"Ioprey Hide+",10,"Rubbery Hide+",2,"Iodrome Hide",2,18,0,0,0,0,4950,"Male/Female","Blade/Gunner",7,1,1,"---","Poison",4,"PsychicVis",2,"Map",2,"Health",-3,,
"Mosswine Feet S","3350z","Carbalite Ore",1,"Mosswine Hide",2,"Bullfango Pelt",3,,,16,0,0,0,0,3350,"Male/Female","Blade/Gunner",7,1,1,"---","Gluttony",5,"Health",3,"Hunger",-2,,,,
"Kirin Leg Guards S","59625z","SpecialKirinHide",1,"Kirin Hide+",3,"Rubbery Hide+",2,"Thunder Sac",3,41,0,4,0,0,59625,"Male/Female","Blade",7,1,1,"---","All Res Up",2,"Recovery",2,"Artisan",2,"PsychicVis",2,"Cold Res",-2
"Kirin Boots S","59625z","SpecialKirinHide",1,"Kirin Hide+",3,"Rubbery Hide+",2,"Thunder Sac",3,21,2,6,0,2,59625,"Male/Female","Gunner",7,1,1,"---","All Res Up",2,"Recovery",2,"PierceS Up",2,"PsychicVis",2,"Cold Res",-2
"Garuga Greaves S","32250z","Garuga Carapace",5,"StrongGarugaWing",1,"Garuga Shell",5,"Genprey Hide+",5,36,2,2,0,0,32250,"Male/Female","Blade",7,1,1,"---","Sharpness",3,"HearProtct",3,"PsychicVis",2,"Recovery",-3,,
"Garuga Leggings S","32250z","Garuga Carapace",5,"StrongGarugaWing",1,"Garuga Shell",5,"Genprey Hide+",5,19,3,3,0,2,32250,"Male/Female","Gunner",7,1,1,"---","NormalS Up",2,"Spc Attack",2,"PsychicVis",2,"MixSucRate",-2,,
"(Torso Inc) Coffee Pants","4150z","Rainbow Ore",2,"Pure Crystal",2,"Carbalite Ore",2,"Kelbi Hide",2,17,2,-2,0,2,4150,"Male/Female","Blade/Gunner",6,1,1,"---","Torso Inc",,,,,,,,,
"Vespoid Greaves U","23250z","Rainbow Insect",2,"Vspoid Razorwing",3,"Vespoid Carapace",3,"Union Ore",4,30,-6,2,2,-5,23250,"Male/Female","Blade",6,1,1,"---","Poison",2,"Wide Rec",2,"Sleep",1,"Whim",-2,,
"Vespoid Leggings U","23250z","Rainbow Insect",2,"Vspoid Razorwing",3,"Vespoid Carapace",3,"Union Ore",4,16,-5,5,2,-4,23250,"Male/Female","Gunner",6,1,1,"---","Poison",2,"Recovery",2,"Sleep",1,"Whim",-2,,
"Hornet Greaves U","23250z","Rainbow Insect",2,"Hornet Razorwing",3,"Hornet Carapace",3,"Carbalite Ore",2,30,-6,-5,2,-1,23250,"Male/Female","Blade",6,1,1,"---","Fate",2,"Guard",3,"Dragon Res",2,"Gathering",2,"Worry",-2
"Hornet Leggings U","23250z","Rainbow Insect",2,"Hornet Razorwing",3,"Hornet Carapace",3,"Carbalite Ore",2,15,-5,-3,3,2,23250,"Male/Female","Gunner",6,1,1,"---","Fate",2,"Health",3,"Dragon Res",2,"Gathering",2,"Worry",-2
"Shinobi Boots (Sky)","61875z","Rainbow Ore",2,"Fatalis Strg Wng",1,"Guild Ticket",1,"Pnk Rathian Cpc",3,20,0,2,1,-6,61875,"Male/Female","Blade/Gunner",7,1,1,"---","PsychicVis",3,"Hunger",2,"Spc Attack",2,"Whim",-2,,
"Shinobi Boots (Sea)","61875z","Rainbow Ore",2,"Fatalis Strg Wng",1,"Guild Ticket",1,"Pnk Rathian Cpc",3,20,2,4,2,-5,61875,"Male/Female","Blade/Gunner",7,1,1,"---","PsychicVis",3,"Hunger",2,"Spc Attack",2,"Whim",-2,,
"Genprey Greaves U","24750z","Rainbow Insect",3,"Genprey Scale+",4,"Small Goldenfish",6,"King Scarab",6,31,2,3,-1,-2,24750,"Male/Female","Blade",6,1,1,"---","Paralysis",3,"SwdShrpner",2,"Protection",2,"Recovery",-2,,
"Genprey Leggings U","24750z","Rainbow Insect",3,"Genprey Scale+",4,"Small Goldenfish",6,"King Scarab",6,19,4,5,0,0,24750,"Male/Female","Gunner",6,1,1,"---","Paralysis",3,"PelletS Up",2,"PsychicVis",2,"Load",-2,,
"(Torso Inc) Ioprey Greaves U","27750z","Rainbow Insect",2,"Ioprey Scale+",3,"Ioprey Hide+",5,"Pur Rubbery Hide",2,33,3,-2,-1,2,27750,"Male/Female","Blade",6,1,1,"---","Torso Inc",,,,,,,,,
"(Torso Inc) Ioprey Leggings U","27750z","Rainbow Insect",2,"Ioprey Scale+",3,"Ioprey Hide+",5,"Pur Rubbery Hide",2,0,5,0,0,4,27750,"Male/Female","Gunner",6,1,1,"---","Torso Inc",,,,,,,,,
"Basarios Greaves U","32250z","Basrios Carapace",3,"Carbalite Ore",5,"Gendrome Hide",2,"Machalite Ore",20,36,0,2,-2,2,32250,"Male/Female","Blade",6,1,1,"---","Defense",2,"Sleep",2,"Guard",2,"PsychicVis",3,"Protection",-2
"Basarios Leggings U","32250z","Basrios Carapace",3,"Carbalite Ore",5,"Gendrome Hide",2,"Machalite Ore",20,19,2,4,0,4,32250,"Male/Female","Gunner",6,1,1,"---","Defense",2,"Shot Mix",2,"PelletSAdd",2,"Protection",-2,"Load",-1
