"Name","Price","Material 1","Amount","Material 2","Amount","Material 3","Amount","Material 4","Amount","Defense","Fire Res","Thunder Res","Dragon Res","Water Res","Ice Res","Gender","Hunter Type","Rarity","HR","Elder*","Slots","Skill 1","Skill Point","Skill 2","Skill Point","Skill 3","Skill Point","Skill 4","Skill Point","Skill 5","Skill Point"
,,,,,,,,,,,,,,,,,,,,,,,,,,,,,,,
"Leather Belt","150z","Sm Monster Bone",2,"Kelbi Hide",1,,,,,1,2,0,0,0,150,"Male/Female","Blade/Gunner",1,1,1,"---","Throw",5,"Whim",2,"Alchemy",3,"PsychicVis",1,,
"Chain Belt","300z","Iron Ore",2,"Kelbi Hide",2,,,,,2,2,-2,0,2,300,"Male/Female","Blade/Gunner",1,1,1,"---","Gathering",2,"Health",4,"PsychicVis",5,,,,
"Hunter's Tasset","450z","Iron Ore",1,"Bullfango Pelt",3,,,,,4,0,-4,0,0,450,"Male/Female","Blade",1,1,1,"---","Fishing",4,"Health",2,"Defense",2,"PsychicVis",3,,
"Hunter's Coat","450z","Iron Ore",1,"Bullfango Pelt",3,,,,,3,2,-2,0,2,450,"Male/Female","Gunner",1,1,1,"---","Fishing",4,"Health",2,"Defense",2,"PsychicVis",3,,
"(Torso Inc) Velociprey Tasset","750z","Velociprey Hide",3,"Velociprey Scale",2,"Iron Ore",2,,,8,1,1,-1,1,750,"Male/Female","Blade",2,1,1,"---","Torso Inc",,,,,,,,,
"(Torso Inc) Velociprey Coat","750z","Velociprey Hide",3,"Velociprey Scale",2,"Iron Ore",2,,,4,3,3,0,3,750,"Male/Female","Gunner",2,1,1,"---","Torso Inc",,,,,,,,,
"Genprey Tasset","1350z","Genprey Hide",4,"Genprey Scale",3,"Iron Ore",2,"Bullfango Pelt",2,11,2,3,-1,-2,1350,"Male/Female","Blade",2,1,1,"---","Paralysis",3,"MixSucRate",2,"PsychicVis",2,"Worry",-2,"Poison",-2
"Genprey Coat","1350z","Genprey Hide",4,"Genprey Scale",3,"Iron Ore",2,"Bullfango Pelt",2,6,4,5,0,0,1350,"Male/Female","Gunner",2,1,1,"---","Paralysis",3,"MixSucRate",2,"PsychicVis",2,"Worry",-2,"Poison",-2
"Ioprey Tasset","1950z","Ioprey Hide",2,"Ioprey Scale",6,"Med Monster Bone",3,"Disk Stone",1,13,3,-2,-1,2,1950,"Male/Female","Blade",2,1,1,"---","Poison",3,"ThunderRes",2,"PsychicVis",2,"Health",2,"Water Res",-2
"Ioprey Coat","1950z","Ioprey Hide",2,"Ioprey Scale",6,"Med Monster Bone",3,"Iron Ore",1,7,5,0,0,4,1950,"Male/Female","Gunner",2,1,1,"---","Poison",3,"ThunderRes",2,"PsychicVis",2,"Health",2,"Water Res",-2
"Rathian Tasset","3350z","Rathian Scale",2,"Rathian Shell",4,"Machalite Ore",2,"Earth Crystal",4,16,2,-2,-4,0,3350,"Male/Female","Blade/Gunner",3,1,1,"---","Health",5,"PsychicVis",2,"Poison",-2,"Worry",-2,,
"Rathian Coat","3350z","Rathian Scale",2,"Rathian Shell",4,"Machalite Ore",2,"Earth Crystal",4,8,4,0,-2,2,3350,"Male/Female","Gunner",3,1,1,"---","Health",5,"PsychicVis",2,"Poison",-2,"Worry",-2,,
"Cephalos Tasset","2350z","Cephalos Scale",5,"Cephalos Fin",1,"Med Monster Bone",2,"Burst Arrowana",5,14,-3,-4,0,2,2350,"Male/Female","Blade",3,1,1,"---","Heat Res",5,"Recovery",2,"PsychicVis",2,"Faint",-2,,
"Cephalos Coat","2350z","Cephalos Scale",5,"Cephalos Fin",1,"Med Monster Bone",2,"Burst Arrowana",5,8,-1,-2,1,5,2350,"Male/Female","Gunner",3,1,1,"---","Heat Res",5,"Recovery",2,"PsychicVis",2,"Faint",-2,,
"Kut-Ku Tasset","1650z","Kut-Ku Scale",2,"Kut-Ku Shell",3,"Med Monster Bone",1,,,12,2,0,-1,-2,1650,"Male/Female","Blade",3,1,1,"---","Attack",4,"Fire Res",2,"Health",2,"Water Res",-3,,
"Kut-Ku Coat","1650z","Kut-Ku Scale",2,"Kut-Ku Shell",3,"Med Monster Bone",1,,,6,5,3,0,1,1650,"Male/Female","Gunner",3,1,1,"---","Attack",4,"Fire Res",2,"Health",2,"Water Res",-3,,
"Battle Tasset","750z","Kut-Ku Scale",3,"Kelbi Hide",2,"Earth Crystal",2,"Whetstone",2,8,2,-2,0,-2,750,"Male/Female","Blade",2,1,1,"---","Guard",2,"Map",3,"Backpackng",4,,,,
"Battle Coat","750z","Kut-Ku Scale",3,"Kelbi Hide",2,"Iron Ore",3,"Small Bone Husk",3,5,4,0,2,0,750,"Male/Female","Gunner",2,1,1,"---","Load",3,"Map",3,"Backpackng",4,,,,
"Bone Tasset","650z","Unknown Skull",1,"Bullfango Pelt",1,"Kelbi Hide",2,,,7,2,-2,-2,2,650,"Male/Female","Blade",2,1,1,"---","StealNoEff",5,"Hunger",2,"PsychicVis",2,"Worry",-2,,
"Bone Coat","650z","Monster Fluid",1,"Bullfango Pelt",1,"Small Bone Husk",3,,,4,5,0,0,5,650,"Male/Female","Blade/Gunner",2,1,1,"---","StealNoEff",1,"Hunger",2,"Faint",6,"Worry",-2,,
"Gypceros Tasset","2350z","Poison Sac",1,"Antiseptic Stone",2,"Rubbery Hide",2,,,14,-4,4,0,1,2350,"Male/Female","Blade",3,1,1,"---","Wide Cntr",5,"Health",4,"Wide Rec",1,"Fate",-1,,
"Gypceros Coat","2350z","Poison Sac",1,"Antiseptic Stone",2,"Rubbery Hide",2,,,7,-1,6,0,4,2350,"Male/Female","Gunner",3,1,1,"---","Wide Cntr",5,"Health",4,"Wide Rec",1,"Fate",-1,,
"Rathalos Tasset","4150z","Rathalos Shell",2,"Rathalos Scale",4,"Rathalos Webbing",2,"Machalite Ore",2,17,2,2,-4,-1,4150,"Male/Female","Blade",3,1,1,"---","Attack",5,"Fire Res",2,"Worry",-2,"Dragon Res",-2,,
"Rathalos Coat","4150z","Rathalos Shell",2,"Rathalos Scale",4,"Rathalos Webbing",2,"Machalite Ore",2,9,4,5,-2,2,4150,"Male/Female","Gunner",3,1,1,"---","Attack",5,"Fire Res",2,"Worry",-2,"Dragon Res",-2,,
"Gravios Tasset+","23250z","Gravios Carapace",3,"Gravios Shell",6,"Lg Monster Bone",5,"Ioprey Hide",3,30,2,2,-2,-2,23250,"Male/Female","Blade",4,1,1,"---","Health",2,"Heat Res",1,"Artisan",4,"PsychicVis",1,"Hunger",-3
"Gravios Coat+","23250z","Gravios Carapace",3,"Gravios Shell",6,"Lg Monster Bone",5,"Ioprey Hide",3,15,4,3,0,1,23250,"Male/Female","Gunner",4,1,1,"---","Health",2,"Heat Res",3,"Hunger",-3,"Faint",-3,,
"Hi-Metal Tasset+","7750z","Dragonite Ore",6,"Machalite Ore",10,"Monster Bone+",1,"King Scarab",2,20,-2,3,0,-2,7750,"Male/Female","Blade",4,1,1,"---","Health",3,"MixSucRate",2,"PsychicVis",2,"Worry",-2,"Poison",-2
"Hi-Metal Coat+","7750z","Dragonite Ore",6,"Machalite Ore",10,"Monster Bone+",1,"King Scarab",2,13,0,5,0,0,7750,"Male/Female","Gunner",4,1,1,"---","Health",3,"MixSucRate",2,"PsychicVis",2,"Worry",-2,"Poison",-2
"Auroros Tasset","16125z","Lao-Shan's Spine",1,"Lao-Shan's Shell",5,"Gravios Shell",5,"Commendation",1,22,-2,0,-4,2,16125,"Male","Blade",5,1,1,"---","Rec Speed",2,"Guard",3,"PsychicVis",2,,,,
"Genesis Tasset","16125z","Lao-Shan's Spine",1,"Lao-Shan's Shell",5,"Gravios Shell",5,"Commendation",1,11,1,2,-2,3,16125,"Male","Gunner",5,1,1,"---","Rec Speed",2,"Load",3,"PsychicVis",2,,,,
"Borealis Tasset","16125z","Lao-Shan's Spine",1,"Lao-Shan's Shell",5,"Gravios Shell",5,"Commendation",1,22,-2,0,-4,2,16125,"Female","Blade",5,1,1,"---","Rec Speed",2,"Guard",3,"PsychicVis",2,,,,
"Glyph Tasset","16125z","Lao-Shan's Spine",1,"Lao-Shan's Shell",5,"Gravios Shell",5,"Commendation",1,11,1,2,-2,3,16125,"Female","Gunner",5,1,1,"---","Rec Speed",2,"Load",3,"PsychicVis",2,,,,
"Vespoid Tasset+","7750z","Vespoid Bladefin",1,"Vespoid Wing",12,"Monster Bone+",1,"Union Ore",2,20,-6,2,2,-5,7750,"Male/Female","Blade",4,1,1,"---","Sleep",5,"Poison",2,"Paralysis",2,"Faint",-2,,
"Vespoid Coat+","7750z","Vespoid Bladefin",1,"Vespoid Shell",8,"Monster Bone+",1,"Union Ore",2,13,-5,5,2,-4,7750,"Male/Female","Blade/Gunner",4,1,1,"---","Sleep",4,"Poison",2,"Paralysis",2,"Faint",-3,,
"Khezu Tasset+","16750z","Pale Bone",1,"Flabby Hide",3,"Monster Fluid",2,"Ioprey Hide",3,26,-3,4,0,3,16750,"Male/Female","Blade",4,1,1,"---","Rec Speed",2,"Wide Rec",3,"Guard",2,"PsychicVis",1,"Faint",-3
"Khezu Coat+","16750z","Pale Bone",1,"Flabby Hide",3,"Monster Fluid",2,"Ioprey Hide",3,15,-1,6,0,5,16750,"Male/Female","Gunner",4,1,1,"---","Rec Speed",2,"Wide Rec",2,"PsychicVis",3,"Faint",-3,,
"Hornet Tasset+","7750z","Hornet Bladefin",1,"Hornetaur Head",1,"Union Ore",4,"Monster Bone+",1,20,-6,-5,2,-1,7750,"Male/Female","Blade",4,1,1,"---","Poison",4,"Paralysis",4,"Faint",-3,,,,
"Hornet Coat+","7750z","Hornet Bladefin",1,"Hornetaur Head",1,"Union Ore",4,"Monster Bone+",1,13,-5,-3,3,2,7750,"Male/Female","Gunner",4,1,1,"---","Poison",5,"Paralysis",4,"Faint",-2,,,,
"Dragonwings","22222z","Fatalis' Shell",3,"Fatalis' Scale",2,"Fatalis' Webbing",1,"Azre Rthls Plate",1,24,0,2,-5,2,22222,"Male/Female","Blade",5,1,1,"---","Rec Speed",2,"Attack",3,"WindPress",2,"WideEffect",2,"Hunger",-2
"Dragontail","22222z","Fatalis' Shell",3,"Fatalis' Scale",2,"Fatalis' Webbing",1,"Azre Rthls Plate",1,12,2,4,-2,4,22222,"Male/Female","Gunner",5,1,1,"---","Rec Speed",2,"Attack",3,"WindPress",2,"WideEffect",2,"Hunger",-2
"Guild Knight Coat","16125z","Light Crystal",1,"Gunner Ticket",3,"Egg Ticket",1,"Plesioth Coin",3,10,0,0,0,0,16125,"Male","Blade/Gunner",5,1,1,"---","Gathering",2,"Whim",3,"PsychicVis",3,,,,
"Guild Knight Kilt","16125z","Light Crystal",1,"Gunner Ticket",3,"Egg Ticket",1,"Cephalos Coin",3,10,0,0,0,0,16125,"Male","Blade/Gunner",5,1,1,"---","Gathering",2,"Whim",3,"PsychicVis",3,,,,
"Maiden's Skirt","16125z","Light Crystal",1,"Gunner Ticket",3,"Egg Ticket",1,"Plesioth Coin",3,10,0,0,0,0,16125,"Female","Blade/Gunner",5,1,1,"---","Gathering",2,"Whim",3,"PsychicVis",3,,,,
"Personal Frills","16125z","Light Crystal",1,"Gunner Ticket",3,"Egg Ticket",1,"Cephalos Coin",3,10,0,0,0,0,16125,"Female","Blade/Gunner",5,1,1,"---","Gathering",2,"Whim",3,"PsychicVis",3,,,,
"Shinobi Belt (Sun)","16125z","Sm Lao-Shan Claw",1,"Grt Sword Ticket",3,"Monster Fluid",2,"Azure Rthlos Scl",5,10,0,2,1,-6,16125,"Male/Female","Blade/Gunner",5,1,1,"---","Poison",2,"Worry",2,"Hunger",2,,,,
"Shinobi Belt (Moon)","16125z","Sm Lao-Shan Claw",1,"Grt Sword Ticket",3,"Monster Fluid",2,"Azure Rthlos Scl",5,10,2,4,2,-5,16125,"Male/Female","Blade/Gunner",5,1,1,"---","Poison",2,"Worry",2,"Hunger",2,,,,
"Light Belt","100z","Kelbi Hide",2,,,,,,,1,-2,2,-2,2,100,"Male/Female","Blade/Gunner",1,1,1,"---","Whim",5,"Map",2,"Attack",2,"Health",2,,
"Hide Belt","950z","Rathalos Webbing",4,,,,,,,9,2,2,0,2,950,"Male/Female","Blade/Gunner",2,1,1,"---","Fire Res",9,"Backpackng",2,,,,,,
"Iron Belt","200z","Iron Ore",2,"Kelbi Hide",1,,,,,2,4,-6,0,-4,200,"Male/Female","Blade/Gunner",1,1,1,"---","Health",9,"Map",1,"Attack",1,,,,
"Steel Belt","1650z","Machalite Ore",8,"Iron Ore",12,"Earth Crystal",2,,,12,2,-2,0,2,1650,"Male/Female","Blade",3,1,1,"---","MixSucRate",4,"Defense",3,"ThunderRes",-2,"Worry",-2,,
"Red Borealis Tasset","16125z","Lao-Shan's Spine",1,"Lao-Shan's Shell",5,"Gravios Shell",5,"Commendation",1,22,2,0,-4,-2,16125,"Female","Blade",5,1,1,"---","Rec Speed",2,"Fire Res",5,"PsychicVis",2,,,,
"Red Glyph Tasset","16125z","Lao-Shan's Spine",1,"Lao-Shan's Shell",5,"Gravios Shell",5,"Commendation",1,11,3,2,-2,1,16125,"Female","Gunner",5,1,1,"---","Rec Speed",2,"Fire Res",5,"PsychicVis",2,,,,
"Hi-Metal Tasset","1150z","Machalite Ore",5,"Iron Ore",5,"Velociprey Hide",6,,,10,-2,3,0,-2,1150,"Male/Female","Blade",3,1,1,"---","Health",3,"MixSucRate",2,"PsychicVis",5,"Fate",1,,
"Hi-Metal Coat","1150z","Machalite Ore",5,"Iron Ore",5,"Velociprey Hide",6,,,5,0,5,0,0,1150,"Male/Female","Gunner",3,1,1,"---","Health",3,"MixSucRate",2,"PsychicVis",5,"Fate",1,,
"Khezu Tasset","3350z","Flabby Hide",2,"Iron Ore",8,"Rubbery Hide",1,,,16,-3,4,0,3,3350,"Male/Female","Blade/Gunner",3,1,1,"---","Rec Speed",3,"Cold Res",3,"Guard",2,"Faint",-3,,
"Khezu Coat","3350z","Flabby Hide",2,"Iron Ore",8,"Rubbery Hide",1,,,9,-1,6,0,5,3350,"Male/Female","Gunner",3,1,1,"---","Rec Speed",3,"Cold Res",3,"Load",2,"Faint",-3,,
"Vespoid Tasset","1150z","Vespoid Wing",5,"Iron Ore",5,"Machalite Ore",1,,,10,-6,2,2,-5,1150,"Male/Female","Blade",3,1,1,"---","Sleep",5,"Backpackng",4,,,,,,
"Vespoid Coat","1150z","Vespoid Shell",3,"Iron Ore",5,"Machalite Ore",1,,,5,-5,5,2,-4,1150,"Male/Female","Blade/Gunner",3,1,1,"---","Sleep",5,"Backpackng",4,,,,,,
"Hornet Tasset","1150z","Hornetaur Wing",6,"Hornetaur Shell",1,"Machalite Ore",3,"Monster Fluid",1,10,-6,-5,2,-1,1150,"Male/Female","Blade",3,1,1,"---","Poison",5,,,,,,,,
"Hornet Coat","1150z","Hornetaur Wing",6,"Hornetaur Shell",1,"Machalite Ore",3,"Monster Fluid",1,5,-5,-3,3,2,1150,"Male/Female","Gunner",3,1,1,"---","Poison",5,"PsychicVis",5,,,,,,
"Gravios Tasset","7750z","Gravios Shell",4,"Godbug",2,"Earth Crystal",5,"Iron Ore",8,20,2,2,-2,-2,7750,"Male/Female","Blade",3,1,1,"---","Health",3,"Heat Res",2,"PsychicVis",3,"Hunger",-3,,
"Gravios Coat","7750z","Gravios Shell",4,"Godbug",2,"Earth Crystal",5,"Iron Ore",8,10,4,3,0,1,7750,"Male/Female","Gunner",3,1,1,"---","Health",3,"Heat Res",2,"PsychicVis",3,"Hunger",-3,,
"Steel Belt+","10750z","Dragonite Ore",10,"Rubbery Hide",2,"Monster Bone+",2,,,22,2,-2,0,2,10750,"Male/Female","Blade",4,1,1,"---","MixSucRate",5,"Defense",2,"ThunderRes",-2,"Worry",-2,,
"Rathian Tasset+","16750z","Rathian Plate",1,"Rathian Shell",5,"Flame Sac",2,"Dragonite Ore",4,26,2,-2,-4,0,16750,"Male/Female","Blade",4,1,1,"---","Health",5,"PsychicVis",2,"Poison",-2,"Worry",-2,,
"Rathian Coat+","16750z","Rathian Plate",1,"Rathian Shell",5,"Flame Sac",2,"Dragonite Ore",4,14,4,0,-2,2,16750,"Male/Female","Gunner",4,1,1,"---","Health",5,"PsychicVis",2,"Poison",-2,"Worry",-2,,
"Rathalos Tasset+","18250z","Rathalos Plate",1,"Rathalos Shell",3,"Rathalos Scale",4,"King Scarab",2,27,2,2,-4,-1,18250,"Male/Female","Blade",4,1,1,"---","Attack",3,"Rec Speed",2,"Fire Res",2,"ThunderRes",-2,"Dragon Res",-2
"Rathalos Coat+","18250z","Rathalos Plate",1,"Rathalos Shell",3,"Rathalos Scale",4,"King Scarab",2,15,4,5,-2,2,18250,"Male/Female","Gunner",4,1,1,"---","Attack",3,"Rec Speed",2,"Fire Res",2,"ThunderRes",-2,"Worry",-2
"Kut-Ku Tasset+","10750z","Dragonite Ore",3,"Kut-Ku Shell",8,"Kut-Ku Ear",1,"Monster Bone+",2,22,2,0,-1,-2,10750,"Male/Female","Blade",4,1,1,"---","Attack",3,"Faint",4,"PsychicVis",1,"Defense",-3,,
"Kut-Ku Coat+","10750z","Dragonite Ore",3,"Kut-Ku Shell",8,"Kut-Ku Ear",1,"Monster Bone+",2,14,5,3,0,1,10750,"Male/Female","Gunner",4,1,1,"---","Attack",3,"Faint",4,"PsychicVis",1,"Health",-3,,
"Chrome Metal Coat(BuyShopOnly)","3630z","Iron Ore",15,"Machalite Ore",7,"Small Goldenfish",5,,,12,2,0,0,-2,3630,"Male/Female","Blade/Gunner",3,1,1,"---",,,,,,,,,,
"Leather Belt+","1350z","Dragonite Ore",1,"Kelbi Hide",4,"Med Monster Bone",3,"Monster Bone+",1,11,2,0,0,0,1350,"Male/Female","Blade/Gunner",4,1,1,"---","Throw",5,"Backpackng",3,"Worry",-3,,,,
"Light Belt+","1350z","Dragonite Ore",1,"Kelbi Hide",4,"Monster Bone+",1,,,11,-2,2,-2,2,1350,"Male/Female","Blade/Gunner",4,1,1,"---","Whim",5,"Map",2,"Attack",2,"Health",2,,
"Chain Belt+","1650z","Dragonite Ore",1,"Iron Ore",6,"Kelbi Hide",2,"Monster Bone+",1,12,2,-2,0,2,1650,"Male/Female","Blade/Gunner",4,1,1,"---","Gathering",2,"Gluttony",2,"PsychicVis",7,,,,
"Iron Belt+","1650z","Dragonite Ore",1,"Machalite Ore",4,"Kelbi Hide",5,"Monster Bone+",1,12,4,-6,0,-4,1650,"Male/Female","Blade/Gunner",4,1,1,"---","Health",5,"Map",1,"Attack",1,"Backpackng",2,,
"Hunter's Tasset+","2350z","Dragonite Ore",1,"Bullfango Pelt",6,"Lg Monster Bone",1,"Monster Bone+",1,14,0,-4,0,0,2350,"Male/Female","Blade",4,1,1,"---","Fishing",4,"Guard Up",2,"Health",2,"Defense",-3,,
"Hunter's Coat+","2350z","Dragonite Ore",1,"Bullfango Pelt",6,"Lg Monster Bone",1,"Monster Bone+",1,13,2,-2,0,2,2350,"Male/Female","Gunner",4,1,1,"---","Fishing",4,"NormalSAdd",2,"Health",2,"Defense",-3,,
"Bone Tasset+","4150z","Dragonite Ore",2,"Unknown Skull",1,"Bullfango Pelt",5,"Monster Bone+",1,17,2,-2,-2,2,4150,"Male/Female","Blade",4,1,1,"---","StealNoEff",5,"Hunger",2,"Flute",2,"Worry",-2,,
"Bone Coat+","4150z","Dragonite Ore",2,"Monster Fluid",3,"Small Bone Husk",10,"Monster Bone+",1,13,5,0,0,5,4150,"Male/Female","Blade/Gunner",4,1,1,"---","StealNoEff",1,"Hunger",2,"Faint",4,"Flute",2,"Worry",-2
"Velociprey Tasset+","4950z","Dragonite Ore",2,"Velociprey Scale",5,"Machalite Ore",3,"Monster Bone+",1,18,1,1,-1,1,4950,"Male/Female","Blade",4,1,1,"---","Faint",5,"Gluttony",2,"WideEffect",2,"Sleep",-2,,
"Velociprey Coat+","4950z","Dragonite Ore",2,"Velociprey Scale",5,"Machalite Ore",3,"Monster Bone+",1,13,3,3,0,3,4950,"Male/Female","Gunner",4,1,1,"---","Faint",4,"Health",2,"Defense",2,"Load",3,,
"Battle Tasset+","4950z","Dragonite Ore",3,"Machalite Ore",6,"Earth Crystal",10,"Monster Bone+",1,18,2,-2,0,-2,4950,"Male/Female","Blade",4,1,1,"---","Guard",4,"Map",2,"Defense",2,"Faint",-3,,
"Battle Coat+","4950z","Dragonite Ore",3,"Machalite Ore",6,"Small Bone Husk",10,"Monster Bone+",1,13,4,0,2,0,4950,"Male/Female","Gunner",4,1,1,"---","Load",3,"PsychicVis",2,"Health",-3,"Protection",-2,,
"Hide Belt+","2350z","Dragonite Ore",3,"Rathalos Webbing",4,"Monster Bone+",1,,,14,2,2,0,2,2350,"Male/Female","Blade/Gunner",4,1,1,"---","Fire Res",9,"Health",2,,,,,,
"Genprey Tasset+","9250z","Dragonite Ore",3,"Genprey Scale",5,"Disk Stone",4,"Monster Bone+",1,21,2,3,-1,-2,9250,"Male/Female","Blade",4,1,1,"---","Paralysis",3,"MixSucRate",2,"PsychicVis",2,"Worry",-2,"Poison",-2
"Genprey Coat+","9250z","Dragonite Ore",3,"Genprey Scale",5,"Disk Stone",4,"Monster Bone+",1,14,4,5,0,0,9250,"Male/Female","Gunner",4,1,1,"---","Paralysis",3,"MixSucRate",2,"PsychicVis",2,"Worry",-2,"Poison",-2
"Chrome Metal Coat+(BuyShopOnly)","9130z","Dragonite Ore",10,"Blk Gravios Crst",6,"Small Goldenfish",5,,,17,2,0,0,-2,9130,"Male/Female","Blade/Gunner",4,1,1,"---",,,,,,,,,,
"Ioprey Tasset+","12250z","Union Ore",1,"Ioprey Scale",5,"Lg Monster Bone",2,"Monster Bone+",2,23,3,-2,-1,2,12250,"Male/Female","Blade",4,1,1,"---","Poison",3,"ThunderRes",2,"PsychicVis",2,"Health",2,"Water Res",-2
"Ioprey Coat+","12250z","Union Ore",1,"Ioprey Scale",5,"Lg Monster Bone",2,"Monster Bone+",2,14,5,0,0,4,12250,"Male/Female","Gunner",4,1,1,"---","Poison",3,"ThunderRes",2,"PsychicVis",2,"Health",2,"Water Res",-2
"Gypceros Tasset+","13750z","Monster Bone+",2,"Rubbery Hide",4,"Antiseptic Stone",3,"Union Ore",3,24,-4,4,0,1,13750,"Male/Female","Blade",4,1,1,"---","Wide Cntr",5,"Health",4,"Wide Rec",1,"Fate",-1,,
"Gypceros Coat+","13750z","Monster Bone+",2,"Rubbery Hide",4,"Antiseptic Stone",3,"Union Ore",3,14,-1,6,0,4,13750,"Male/Female","Gunner",4,1,1,"---","Wide Cntr",5,"Health",4,"Wide Rec",1,"Fate",-1,,
"Cephalos Tasset+","13750z","Union Ore",1,"Lg Monster Bone",2,"Cephalos Fin",2,"Monster Bone+",2,24,-3,-4,0,2,13750,"Male/Female","Blade",4,1,1,"---","Heat Res",5,"Recovery",2,"PsychicVis",2,"Faint",-2,,
"Cephalos Coat+","13750z","Union Ore",1,"Lg Monster Bone",2,"Cephalos Fin",2,"Monster Bone+",2,14,-1,-2,1,5,13750,"Male/Female","Gunner",4,1,1,"---","Heat Res",5,"Recovery",2,"PsychicVis",2,"Faint",-2,,
"Leather Belt S","3350z","Carbalite Ore",1,"Machalite Ore",10,"Kelbi Hide",2,"Monster Bone+",1,16,2,0,0,0,3350,"Male/Female","Blade/Gunner",6,1,1,"---","HearProtct",2,"Gathering",2,"PsychicVis",4,"Faint",-3,,
"Light Belt S","3350z","Carbalite Ore",4,"King Scarab",5,"Kelbi Hide",2,,,16,-2,2,-2,2,3350,"Male/Female","Blade/Gunner",6,1,1,"---","Protection",6,"Backpackng",3,"Worry",-2,,,,
"Chain Belt S","4150z","Carbalite Ore",2,"Dragonite Ore",3,"Monster Bone+",1,,,17,2,-2,0,2,4150,"Male/Female","Blade/Gunner",6,1,1,"---","BombStrUp",3,"MixSucRate",2,"PsychicVis",2,"Health",-4,,
"Iron Belt S","4150z","Carbalite Ore",4,"Dragonite Ore",6,"King Scarab",5,"Kelbi Hide",1,17,4,-6,0,-4,4150,"Male/Female","Blade/Gunner",6,1,1,"---","Attack",4,"Recovery",2,,,,,,
"Hunter's Tasset S","13750z","Carbalite Ore",3,"Machalite Ore",12,"King Scarab",2,"Bullfango Pelt",2,24,0,-4,0,0,13750,"Male/Female","Blade",6,1,1,"---","Rec Speed",3,"Fate",2,"Sleep",-2,"Recovery",-3,,
"Hunter's Coat S","13750z","Carbalite Ore",3,"Machalite Ore",12,"King Scarab",2,"Bullfango Pelt",2,18,2,-2,0,2,13750,"Male/Female","Gunner",6,1,1,"---","Rec Speed",3,"Fate",3,"PelletS Up",2,"Load",-1,,
"Bone Tasset S","18250z","Hrd Monster Bone",1,"Master's Skull",1,"Bullfango Pelt",3,"Disk Stone",10,27,2,-2,-2,2,18250,"Male/Female","Blade",6,1,1,"---","StealNoEff",2,"Heat Res",2,"SwdShrpner",2,"PsychicVis",2,"Faint",-3
"Bone Coat S","18250z","Hrd Monster Bone",1,"Monster Broth",2,"Bullfango Pelt",3,"Large Bone Husk",5,18,5,0,0,5,18250,"Male/Female","Gunner",6,1,1,"---","StealNoEff",2,"Heat Res",2,"MixSucRate",2,"PsychicVis",2,"Paralysis",-3
"Velociprey Tasset S","19750z","Velociprey Scle+",3,"Velociprey Hide+",5,"Dragonite Ore",6,,,28,1,1,-1,1,19750,"Male/Female","Blade",6,1,1,"---","Faint",4,"Sleep",2,"Health",2,"PsychicVis",1,"Guard",-2
"Velociprey Coat S","19750z","Velociprey Scle+",3,"Velociprey Hide+",5,"Dragonite Ore",6,,,18,3,3,0,3,19750,"Male/Female","Gunner",6,1,1,"---","Faint",4,"Sleep",3,"PierceS Up",2,"Load",-2,,
"Battle Tasset S","19750z","Kut-Ku Carapace",4,"Pure Crystal",1,"Carbalite Ore",2,"Disk Stone",10,28,2,-2,0,-2,19750,"Male/Female","Blade",6,1,1,"---","PsychicVis",4,"Map",2,"Guard Up",2,"Recovery",-3,,
"Battle Coat S","19750z","Kut-Ku Carapace",4,"Pure Crystal",1,"Carbalite Ore",2,"Dragon Seed",2,18,4,0,2,0,19750,"Male/Female","Gunner",6,1,1,"---","Load",5,"PsychicVis",2,"Defense",-4,,,,
"Hide Belt S","5750z","Ioprey Hide+",2,"Rathalos Webbing",4,"Monster Bone+",3,,,19,2,2,0,2,5750,"Male/Female","Blade/Gunner",6,1,1,"---","Fire Res",9,"Health",2,,,,,,
"Vespoid Tasset S","23250z","Vspoid Razorwing",3,"Vespoid Carapace",3,"Vespoid Wing",9,"Joiner Grasshppr",2,30,-6,2,2,-5,23250,"Male/Female","Blade",6,1,1,"---","Poison",3,"WideEffect",2,"Hunger",-6,,,,
"Vespoid Coat S","23250z","Vspoid Razorwing",3,"Vespoid Carapace",3,"Vespoid Shell",6,"Monster Broth",3,16,-5,5,2,-4,23250,"Male/Female","Gunner",6,1,1,"---","Poison",3,"WideEffect",2,"Sleep",3,"Hunger",-3,,
"Hornet Tasset S","23250z","Hornet Razorwing",3,"Hornet Carapace",3,"Hornetaur Head",2,"Joiner Grasshppr",2,30,-6,-5,2,-1,23250,"Male/Female","Blade",6,1,1,"---","Dragon Res",5,"Fate",2,"Hunger",-4,,,,
"Hornet Coat S","23250z","Hornet Razorwing",3,"Hornet Carapace",3,"Hornetaur Head",2,"Monster Broth",3,15,-5,-3,3,2,23250,"Male/Female","Gunner",6,1,1,"---","Dragon Res",5,"Fate",2,"Defense",-4,,,,
"Hi-Metal Tasset S","23250z","Firecell Stone",1,"Pure Crystal",1,"Carbalite Ore",3,"Thunderbug",3,30,-2,3,0,-2,23250,"Male/Female","Blade",6,1,1,"---","Health",3,"Throw",3,"Protection",2,"Cold Res",-3,,
"Hi-Metal Coat S","23250z","Firecell Stone",1,"Pure Crystal",1,"Carbalite Ore",3,"Thunderbug",3,18,0,5,0,0,23250,"Male/Female","Gunner",6,1,1,"---","Health",2,"PierceS Up",2,"PsychicVis",2,"Cold Res",-3,"Load",-2
"Genprey Tasset S","24750z","Genprey Scale+",4,"Genprey Hide+",6,"Paralysis Sac",2,"King Scarab",4,31,2,3,-1,-2,24750,"Male/Female","Blade",6,1,1,"---","Paralysis",3,"Faint",2,"BombStrUp",2,"PsychicVis",1,"MixSucRate",-3
"Genprey Coat S","24750z","Genprey Scale+",4,"Genprey Hide+",6,"Paralysis Sac",2,"King Scarab",4,19,4,5,0,0,24750,"Male/Female","Gunner",6,1,1,"---","Paralysis",3,"Faint",2,"PierceS Up",2,"PsychicVis",1,"Load",-3
"Kut-Ku Tasset S","26250z","Kut-Ku Carapace",3,"Long Kut-Ku Ear",2,"Kut-Ku Wing",4,"Hrd Monster Bone",1,32,2,0,-1,-2,26250,"Male/Female","Blade",6,1,1,"---","Attack",5,"Fate",2,"Defense",-4,,,,
"Kut-Ku Coat S","26250z","Kut-Ku Carapace",3,"Long Kut-Ku Ear",2,"Kut-Ku Wing",4,"Hrd Monster Bone",1,19,5,3,0,1,26250,"Male/Female","Gunner",6,1,1,"---","Attack",4,"Fate",2,"PsychicVis",1,"Health",-4,,
"Chrome Metal Coat S(BuyShopOnly)","45150z","Carbalite Ore",5,"Blk Gravios Shl",7,"Small Goldenfish",5,,,22,2,0,0,-2,45150,"Male/Female","Blade/Gunner",6,1,1,"---","WindPress",2,"PsychicVis",4,"Hunger",-2,,,,
"Ioprey Tasset S","27750z","Ioprey Scale+",4,"Ioprey Hide+",6,"Toxin Sac",2,"King Scarab",4,33,3,-2,-1,2,27750,"Male/Female","Blade",6,1,1,"---","Poison",1,"Protection",2,"Spc Attack",4,"Guard",-4,,
"Ioprey Coat S","27750z","Ioprey Scale+",4,"Ioprey Hide+",6,"Toxin Sac",2,"King Scarab",4,19,5,0,0,4,27750,"Male/Female","Gunner",6,1,1,"---","Poison",2,"Paralysis",3,"NormalS Up",3,"Load",-3,,
"Gypceros Tasset S","29250z","Rubbery Hide+",4,"Monster Broth",2,"Antiseptic Stone",8,"Union Ore",3,34,-4,4,0,1,29250,"Male/Female","Blade",6,1,1,"---","Gluttony",5,"Spc Attack",3,"StealNoEff",1,"Defense",-2,,
"Gypceros Coat S","29250z","Rubbery Hide+",4,"Monster Broth",2,"Antiseptic Stone",8,"Union Ore",3,19,-1,6,0,4,29250,"Male/Female","Gunner",6,1,1,"---","Gluttony",2,"PelletSAdd",3,"Load",-3,"Defense",-3,,
"Cephalos Tasset S","29250z","Cephalos Scale+",5,"Cephalos Fin+",2,"Machalite Ore",20,"Iron Ore",20,34,-3,-4,0,2,29250,"Male/Female","Blade",6,1,1,"---","Heat Res",2,"Guard",4,"Fishing",1,"PsychicVis",2,"Faint",-2
"Cephalos Coat S","29250z","Cephalos Scale+",5,"Cephalos Fin+",2,"Machalite Ore",20,"Iron Ore",20,19,-1,-2,1,5,29250,"Male/Female","Gunner",6,1,1,"---","Heat Res",2,"Defense",3,"Fishing",2,"PsychicVis",1,"Faint",-3
"Steel Belt S","26250z","Pure Crystal",1,"Nova Crystal",2,"Dragonite Ore",8,"Rubbery Hide+",2,32,2,-2,0,2,26250,"Male/Female","Blade",6,1,1,"---","MixSucRate",3,"SwdShrpner",3,"PsychicVis",1,"Defense",-4,,
"Rathian Tasset S","32250z","Rathian Ruby",1,"Rathian Scale+",2,"Rathian Claw",3,"King Scarab",3,36,2,-2,-4,0,32250,"Male/Female","Blade",6,1,1,"---","Health",3,"Protection",2,"Guard",3,"Hunger",-3,,
"Rathian Coat S","32250z","Rathian Ruby",1,"Rathian Scale+",2,"Rathian Claw",3,"King Scarab",3,19,4,0,-2,2,32250,"Male/Female","Gunner",6,1,1,"---","Protection",2,"Recovery",3,"Defense",4,"MixSucRate",-2,,
"Khezu Tasset S","32250z","Pale Khezu Steak",1,"Khezu Hide - Tan",2,"Thunder Sac",2,"Lifepowder",3,36,-3,4,0,3,32250,"Male/Female","Blade",6,1,1,"---","Wide Rec",4,"HearProtct",2,"Faint",-2,"Protection",-3,,
"Khezu Coat S","32250z","Pale Khezu Steak",1,"Khezu Hide - Tan",2,"Thunder Sac",2,"Lifepowder",3,20,-1,6,0,5,32250,"Male/Female","Gunner",6,1,1,"---","Wide Rec",4,"Defense",3,"Poison",-2,"Protection",-2,,
"Rathalos Tasset S","33750z","Rathalos Ruby",1,"Rathlos Carapace",2,"Inferno Sac",2,"Rathalos Webbing",3,37,2,2,-4,-1,33750,"Male/Female","Blade",6,1,1,"---","Sharpness",4,"Rec Speed",2,"Protection",2,"Faint",-3,,
"Rathalos Coat S","33750z","Rathalos Ruby",1,"Rathlos Carapace",2,"Inferno Sac",2,"Rathalos Webbing",3,20,4,5,-2,2,33750,"Male/Female","Gunner",6,1,1,"---","PierceS Up",2,"Rec Speed",2,"PsychicVis",3,"Load",-2,"Fate",-2
"Gravios Tasset S","38250z","StrngGraviosWing",1,"GraviosHeavyShl",2,"Gravios Carapace",3,"Monster Bone+",3,40,2,2,-2,-2,38250,"Male/Female","Blade",6,1,1,"---","Health",3,"Attack",2,"Defense",-3,"Protection",-3,,
"Gravios Coat S","38250z","StrngGraviosWing",1,"GraviosHeavyShl",2,"Gravios Carapace",3,"Monster Bone+",3,20,4,3,0,1,38250,"Male/Female","Gunner",6,1,1,"---","ClustS Add",3,"PsychicVis",2,"Load",-3,,,,
"Leather Belt U","3350z","Rathlos Carapace",1,"King Scarab",3,"Wht Velopry Hide",4,,,16,3,3,1,3,3350,"Male/Female","Blade/Gunner",6,1,1,"---","Artisan",3,"PierceS Up",3,"Hunger",-3,"Load",-2,,
"Hunter's Tasset U","13750z","Rathlos Carapace",1,"Carbalite Ore",1,"Monster Bone+",3,"Blk Gravios Crst",3,24,0,-4,0,0,13750,"Male/Female","Blade",6,1,1,"---","Map",3,"SwdShrpner",2,"All Res Up",3,"Faint",-2,,
"Hunter's Coat U","13750z","Rathlos Carapace",1,"Carbalite Ore",1,"Monster Bone+",3,"Blk Gravios Crst",3,18,2,-2,0,2,13750,"Male/Female","Gunner",6,1,1,"---","Map",3,"PsychicVis",5,"Faint",-3,,,,
"Bone Tasset U","18250z","Firecell Stone",1,"Master's Skull",1,"Monster Bone+",3,"Bullfango Pelt",3,27,2,-2,-2,2,18250,"Male/Female","Blade",6,1,1,"---","Alchemy",3,"All Res Up",3,"PsychicVis",3,"Poison",-2,,
"Bone Coat U","18250z","Firecell Stone",1,"Monster Broth",3,"Monster Bone+",3,"Bullfango Pelt",3,18,5,0,0,5,18250,"Male/Female","Gunner",6,1,1,"---","Alchemy",2,"All Res Up",2,"NormalS Up",2,"Protection",-2,"Load",-2
"Velociprey Tasset U","38250z","WhtVelopry Scale",3,"Wht Velopry Hide",6,"Blk Gravios Cpc",3,"Dragonite Ore",6,40,1,1,-1,1,38250,"Male/Female","Blade",6,1,1,"---","Gluttony",2,"All Res Up",3,"Poison",-1,"Fencing",3,,
"Velociprey CoatU","38250z","WhtVelopry Scale",3,"Wht Velopry Hide",6,"Blk Gravios Cpc",3,"Dragonite Ore",6,20,3,3,0,3,38250,"Male/Female","Gunner",6,1,1,"---","Gluttony",2,"All Res Up",2,"PsychicVis",3,"Health",-1,,
"Hi-Metal Tasset U","23250z","Basarios Tears",1,"Firecell Stone",1,"Pure Crystal",1,"Thunder Sac",2,30,-2,3,0,-2,23250,"Male/Female","Blade",6,1,1,"---","Health",6,"Sharpness",2,"Faint",-3,,,,
"Hi-Metal Coat U","23250z","Basarios Tears",1,"Firecell Stone",1,"Pure Crystal",1,"Thunder Sac",2,18,0,5,0,0,23250,"Male/Female","Gunner",6,1,1,"---","Health",2,"Shot Mix",2,"PsychicVis",2,"Heat Res",-3,"MixSucRate",-2
"Kut-Ku Tasset U","26250z","Blue Kut+Ku Wing",4,"BluKutKuCarapace",4,"SmlBlueKut-KuEar",5,"Hrd Monster Bone",1,32,2,0,-1,-2,26250,"Male/Female","Blade",6,1,1,"---","Attack",5,"SwdShrpner",2,"Defense",-4,,,,
"Kut-Ku Coat U","26250z","Blue Kut+Ku Wing",4,"BluKutKuCarapace",4,"SmlBlueKut-KuEar",5,"Hrd Monster Bone",1,19,5,3,0,1,26250,"Male/Female","Gunner",6,1,1,"---","Attack",5,"Defense",2,"Health",-4,,,,
"Gypceros Tasset U","29250z","Pur Rubbery Hide",3,"Monster Broth",2,"Antiseptic Stone",8,"King Scarab",3,34,-4,4,0,1,29250,"Male/Female","Blade",6,1,1,"---","Poison",3,"Recovery",3,"PsychicVis",2,"Wide Cntr",2,"Defense",-1
"Gypceros Coat U","29250z","Pur Rubbery Hide",3,"Monster Broth",2,"Antiseptic Stone",8,"King Scarab",3,19,-1,6,0,4,29250,"Male/Female","Gunner",6,1,1,"---","BmbShotAdd",5,"PsychicVis",1,"Health",-5,,,,
"Cephalos Tasset U","29250z","Coral Cphlos Scl",3,"Coral Cphlos Fin",4,"Machalite Ore",15,"Iron Ore",15,34,-3,-4,0,2,29250,"Male/Female","Blade",6,1,1,"---","Fate",3,"Fishing",2,"HearProtct",3,"Faint",-3,,
"Cephalos Coat U","29250z","Coral Cphlos Scl",3,"Coral Cphlos Fin",4,"Machalite Ore",15,"Iron Ore",15,19,-1,-2,1,5,29250,"Male/Female","Gunner",6,1,1,"---","Fate",3,"Fishing",2,"PsychicVis",3,"Health",-1,,
"Khezu Tasset U","32250z","Alluring Hide",2,"Pale Khezu Steak",1,"Monster Bone+",4,"Lifepowder",3,36,3,4,0,-3,32250,"Male/Female","Blade",6,1,1,"---","Rec Speed",6,"Recovery",2,"SwdShrpner",-3,,,,
"Khezu Coat U","32250z","Alluring Hide",2,"Pale Khezu Steak",1,"Monster Bone+",4,"Lifepowder",3,20,5,6,0,-1,32250,"Male/Female","Gunner",6,1,1,"---","Wide Rec",3,"Recovery",2,"Load",-2,"Worry",-4,,
"Gravios Tasset U","38250z","Blk Gravios Cpc",2,"Blk Gravios Shl",5,"Hrd Monster Bone",2,"Nova Crystal",3,40,2,2,0,-2,38250,"Male/Female","Blade",6,1,1,"---","Health",2,"Heat Res",2,"Fate",3,"PsychicVis",2,"Recovery",-2
"Gravios Coat U","38250z","Blk Gravios Cpc",2,"Blk Gravios Shl",5,"Hrd Monster Bone",2,"Nova Crystal",3,24,4,3,0,1,38250,"Male/Female","Gunner",6,1,1,"---","Heat Res",2,"PsychicVis",3,"Load",2,"Health",-4,,
"Black Belt Tasset","3300z","Basarios Coin",8,"Saber Ticket",3,"Gunner Ticket",3,"Rathalos Coin",8,12,2,2,2,2,3300,"Male/Female","Blade/Gunner",5,1,1,"---","Recovery",3,"PsychicVis",3,"Faint",-2,"Heat Res",-3,,
"Rathian Heart Coil","5025z","Pnk Rathian Shl",2,"Pnk Rathian Scl",3,"Pnk Rathian Claw",2,"Machalite Ore",7,16,2,-2,-4,0,5025,"Male/Female","Blade",5,1,1,"---","Health",2,"Fate",2,"Alchemy",3,"PsychicVis",2,"Paralysis",-2
"Rathian Heart Coat","5025z","Pnk Rathian Shl",2,"Pnk Rathian Scl",3,"Pnk Rathian Claw",2,"Machalite Ore",7,8,4,0,-2,2,5025,"Male/Female","Gunner",5,1,1,"---","Health",2,"Fate",2,"Alchemy",3,"PsychicVis",2,"Hunger",-2
"Rathalos Soul Coil","6225z","Azr Rthls Webbng",2,"Azure Rthlos Clw",2,"Azure Rthlos Scl",3,"Machalite Ore",5,17,2,-1,-4,2,6225,"Male/Female","Blade",5,1,1,"---","HearProtct",3,"SwdShrpner",2,"PsychicVis",4,"Whim",-2,,
"Rathalos Soul Coat","6225z","Azr Rthls Webbng",2,"Azure Rthlos Clw",2,"Azure Rthlos Scl",3,"Machalite Ore",5,9,4,2,-2,5,6225,"Male/Female","Gunner",5,1,1,"---","HearProtct",3,"Shot Mix",2,"PsychicVis",4,"Whim",-2,,
"Shinobi Belt (White)","39375z","Fatalis' Wing",1,"Guild Ticket",1,"Monster Broth",2,"Azur Rthlos Wing",1,15,0,2,1,-6,39375,"Male/Female","Blade/Gunner",5,1,1,"---","Poison",3,"Worry",2,"Hunger",2,,,,
"Shinobi Belt (Black)","39375z","Fatalis' Wing",1,"Guild Ticket",1,"Monster Broth",2,"Azur Rthlos Wing",1,15,2,4,2,-5,39375,"Male/Female","Blade/Gunner",5,1,1,"---","Poison",3,"Worry",2,"Hunger",2,,,,
"Guild Knight Coat+","39375z","King Scarab",3,"Guild Ticket",1,"Jewel Ticket",2,"Grn Plesioth Fin",3,15,0,0,0,0,39375,"Male","Blade/Gunner",5,1,1,"---","Gathering",2,"Whim",3,"Fate",3,"PsychicVis",3,,
"Guild Knight Kilt+","39375z","King Scarab",3,"Guild Ticket",1,"Jewel Ticket",2,"Grn Plesioth Fin",3,15,0,0,0,0,39375,"Male","Blade/Gunner",5,1,1,"---","Gathering",2,"Whim",3,"Fate",3,"PsychicVis",3,,
"Maiden's Skirt+","39375z","King Scarab",3,"Guild Ticket",1,"Jewel Ticket",2,"Grn Plesioth Fin",3,15,0,0,0,0,39375,"Female","Blade/Gunner",5,1,1,"---","Gathering",2,"Whim",3,"Fate",3,"PsychicVis",3,,
"Personal Frills+","39375z","King Scarab",3,"Guild Ticket",1,"Jewel Ticket",2,"Grn Plesioth Fin",3,15,0,0,0,0,39375,"Female","Blade/Gunner",5,1,1,"---","Gathering",2,"Whim",3,"Fate",3,"PsychicVis",3,,
"Rathian Heart Coil+","25125z","Pnk Rthian Plate",1,"Pnk Rathian Scl",5,"Pnk Rathian Claw",3,"King Scarab",2,26,2,-2,-4,0,25125,"Male/Female","Blade",5,1,1,"---","Health",3,"Fate",2,"PsychicVis",4,"Worry",-2,,
"Rathian Heart Coat+","25125z","Pnk Rthian Plate",1,"Pnk Rathian Scl",5,"Pnk Rathian Claw",3,"King Scarab",2,14,4,0,-2,2,25125,"Male/Female","Gunner",5,1,1,"---","Health",3,"Fate",2,"PsychicVis",4,"Worry",-2,,
"Rathalos Soul Coil+","27375z","Azre Rthls Plate",1,"Azure Rthlos Clw",3,"Wyvern Marrow",1,"King Scarab",1,27,2,-1,-4,2,27375,"Male/Female","Blade",5,1,1,"---","Faint",3,"Attack",2,"PsychicVis",1,"Defense",-2,"Whim",-3
"Rathalos Soul Coat+","27375z","Azre Rthls Plate",1,"Azure Rthlos Clw",3,"Wyvern Marrow",1,"King Scarab",1,15,4,2,-2,5,27375,"Male/Female","Gunner",5,1,1,"---","Faint",3,"Attack",2,"PsychicVis",1,"Defense",-2,"Whim",-3
"Auroros Tasset Mai","39375z","LaoShan Thoracic",1,"Lao-Shan's Shell",5,"Basrios Carapace",1,"Commendation",3,32,-2,0,-4,2,39375,"Male","Blade",5,1,1,"---","Rec Speed",2,"Map",2,"Guard",3,"Faint",-3,,
"Genesis Tasset Mai","39375z","LaoShan Thoracic",1,"Lao-Shan's Shell",5,"Basrios Carapace",1,"Commendation",3,16,1,2,-2,3,39375,"Male","Gunner",5,1,1,"---","Rec Speed",2,"Map",2,"Load",3,"Health",-3,,
"Borealis Tasset Mai","39375z","LaoShan Thoracic",1,"Lao-Shan's Shell",5,"Basrios Carapace",1,"Commendation",3,32,-2,0,-4,2,39375,"Female","Blade",5,1,1,"---","Rec Speed",2,"Map",2,"Guard",3,"Faint",-3,,
"Glyph Tasset Mai","39375z","LaoShan Thoracic",1,"Lao-Shan's Shell",5,"Basrios Carapace",1,"Commendation",3,16,1,2,-2,3,39375,"Female","Gunner",5,1,1,"---","Rec Speed",2,"Map",2,"Load",3,"Health",-3,,
"Red Borealis Mai","39375z","LaoShan Thoracic",1,"Lao-Shan's Shell",5,"Basrios Carapace",1,"Commendation",3,32,2,0,-4,-2,39375,"Female","Blade",5,1,1,"---","Rec Speed",2,"Map",2,"Fire Res",4,"PsychicVis",3,,
"Red Glyph Mai","39375z","LaoShan Thoracic",1,"Lao-Shan's Shell",5,"Basrios Carapace",1,"Commendation",3,16,3,2,-2,1,39375,"Female","Gunner",5,1,1,"---","Rec Speed",2,"Map",2,"Fire Res",4,"PsychicVis",3,,
"Dragonwings+","55555z","Fatalis Carapace",3,"Fatalis' Scale+",2,"Fatalis' Wing",1,"Azre Rthls Plate",1,34,0,2,-5,2,55555,"Male/Female","Blade",5,1,1,"---","Attack",2,"WindPress",3,"PsychicVis",1,"Defense",-2,"Hunger",-3
"Dragontail+","55555z","Fatalis Carapace",3,"Fatalis' Scale+",2,"Fatalis' Wing",1,"Azre Rthls Plate",1,17,2,4,-2,4,55555,"Male/Female","Gunner",5,1,1,"---","Attack",2,"WindPress",3,"PsychicVis",1,"Health",-2,"Hunger",-3
"Shinobi Belt(Heaven)","61875z","Fatalis Strg Wng",1,"Guild Ticket",1,"Monster Broth",5,"Azure Rthlos Cpc",5,20,0,2,1,-6,61875,"Male/Female","Blade/Gunner",7,1,1,"---","Protection",2,"Worry",2,"Hunger",3,"Throw",2,"Faint",-2
"Shinobi Belt (Earth)","61875z","Fatalis Strg Wng",1,"Guild Ticket",1,"Monster Broth",5,"Azure Rthlos Cpc",5,20,2,4,2,-5,61875,"Male/Female","Blade/Gunner",7,1,1,"---","Protection",2,"Worry",2,"Hunger",3,"Flute",2,"Faint",-2
"Guild Knight Coat S","61875z","Pure Crystal",1,"Guild Ticket",1,"Jewel Ticket",3,"Grn Plesioth Scl",3,20,0,0,0,0,61875,"Male","Blade/Gunner",7,1,1,"---","Protection",2,"Fate",3,"Gluttony",2,"Alchemy",2,"Poison",-2
"Guild Knight Kilt S","61875z","Pure Crystal",1,"Guild Ticket",1,"Jewel Ticket",3,"Grn Plesioth Scl",3,20,0,0,0,0,61875,"Male","Blade/Gunner",7,1,1,"---","Protection",2,"Fate",3,"Gluttony",2,"Alchemy",2,"Poison",-2
"Maiden's Skirt S","61875z","Pure Crystal",1,"Guild Ticket",1,"Monoblos Heart",1,"GrnPlesiothSclPc",3,20,0,0,0,0,61875,"Female","Blade/Gunner",7,1,1,"---","Protection",2,"Fate",3,"Gluttony",2,"Alchemy",2,"Poison",-2
"Personal Frills S","61875z","Pure Crystal",1,"Guild Ticket",1,"Monoblos Heart",1,"GrnPlesiothSclPc",3,20,0,0,0,0,61875,"Female","Blade/Gunner",7,1,1,"---","Protection",2,"Fate",3,"Gluttony",2,"Alchemy",2,"Poison",-2
"Rathian Heart Coil S","48375z","Pnk Rathian Rby",1,"Pnk Rathian Scl+",2,"Pnk Rathian Claw",3,"Inferno Sac",2,36,2,-2,-4,0,48375,"Male/Female","Blade",7,1,1,"---","Health",3,"Recovery",2,"PsychicVis",2,"Faint",-2,"Hunger",-2
"Rathian Heart Coat S","48375z","Pnk Rathian Rby",1,"Pnk Rathian Scl+",2,"Pnk Rathian Claw",3,"Inferno Sac",2,19,4,0,-2,2,48375,"Male/Female","Gunner",7,1,1,"---","Health",2,"Recovery",3,"Shot Mix",2,"Faint",-2,"MixSucRate",-2
"Rathalos Soul Coil S","50625z","Azure Rthlos Rby",1,"Azre Rthlos Scl+",1,"Azure Rthlos Shl",5,"Inferno Sac",2,37,2,-1,-4,2,50625,"Male/Female","Blade",7,1,1,"---","Sharpness",2,"WindPress",2,"Rec Speed",2,"Hunger",-2,"Faint",-3
"Rathalos Soul Coat S","50625z","Azure Rthlos Rby",1,"Azre Rthlos Scl+",1,"Azure Rthlos Shl",5,"Inferno Sac",2,20,4,2,-2,5,50625,"Male/Female","Gunner",7,1,1,"---","NormalS Up",3,"Fate",3,"Load",-3,"Whim",-2,,
"Auroros Tasset Haku","61875z","LaoS Heavy Shell",1,"Lao-ShanCarapace",5,"StrngGraviosWing",1,"Commendation",3,42,-2,0,-4,2,61875,"Male","Blade",7,1,1,"---","Rec Speed",3,"Attack",3,"All Res Up",2,"Defense",-3,,
"Genesis Tasset Haku","61875z","LaoS Heavy Shell",1,"Lao-ShanCarapace",5,"StrngGraviosWing",1,"Commendation",3,21,1,2,-2,3,61875,"Male","Gunner",7,1,1,"---","Rec Speed",3,"Load",3,"Defense",-5,,,,
"Borealis Tasset Haku","61875z","LaoS Heavy Shell",1,"Lao-ShanCarapace",5,"StrngGraviosWing",1,"Commendation",3,42,-2,0,-4,2,61875,"Female","Blade",7,1,1,"---","Rec Speed",3,"Attack",3,"All Res Up",2,"Defense",-3,,
"Glyph Tasset Haku","61875z","LaoS Heavy Shell",1,"Lao-ShanCarapace",5,"StrngGraviosWing",1,"Commendation",3,21,1,2,-2,3,61875,"Female","Gunner",7,1,1,"---","Rec Speed",3,"Load",3,"Defense",-5,,,,
"Dragonwing S","111111z","Fatalis Hvy Shl",3,"Thck Fatalis Scl",2,"Fatalis Strg Wng",1,"Azure Rthlos Rby",1,44,0,2,-5,2,111111,"Male/Female","Blade",7,1,1,"---","Rec Speed",2,"Attack",3,"Sharpness",2,"Faint",-4,,
"Dragontail S","111111z","Fatalis Hvy Shl",3,"Thck Fatalis Scl",2,"Fatalis Strg Wng",1,"Azure Rthlos Rby",1,22,2,4,-2,4,111111,"Male/Female","Gunner",7,1,1,"---","Rec Speed",3,"Load",3,"Protection",3,"Defense",-2,,
"Auroros Tasset Ten","123750z","Azure LaoS Spine",1,"Azure LaoS Shell",5,"Blk Gravios Wing",1,"Commendation",3,42,-2,0,-4,2,123750,"Male","Blade",7,1,1,"---","Fencing",3,"Attack",2,"Protection",4,"Recovery",-2,,
"Genesis Tasset Ten","123750z","Azure LaoS Spine",1,"Azure LaoS Shell",5,"Blk Gravios Wing",1,"Commendation",3,21,1,2,-2,3,123750,"Male","Gunner",7,1,1,"---","Recoil",3,"Load",-5,"Defense",-3,,,,
"Borealis Tasset Ten","123750z","Azure LaoS Spine",1,"Azure LaoS Shell",5,"Blk Gravios Wing",1,"Commendation",3,42,-2,0,-4,2,123750,"Female","Blade",7,1,1,"---","Fencing",3,"Attack",2,"Protection",4,"Recovery",-2,,
"Glyph Tasset Ten","123750z","Azure LaoS Spine",1,"Azure LaoS Shell",5,"Blk Gravios Wing",1,"Commendation",3,21,1,2,-2,3,123750,"Female","Gunner",7,1,1,"---","Recoil",3,"Load",-5,"Defense",-3,,,,
"Golden Moon Tasset","57375z","Gld Rathian Rby",1,"Gld Rthian Plate",1,"Gld Rathian Scl",3,"Gld Rathian Claw",4,40,2,-2,0,0,57375,"Male/Female","Blade",7,1,1,"---","Fate",3,"Sharpness",2,"PsychicVis",2,"SwdShrpner",-2,"Faint",-2
"Golden Moon Coat","57375z","Gld Rathian Rby",1,"Gld Rthian Plate",1,"Gld Rathian Scl",3,"Gld Rathian Claw",4,20,4,0,0,2,57375,"Male/Female","Gunner",7,1,1,"---","Fate",4,"NormalS Up",2,"PsychicVis",1,"Load",-2,"Worry",-2
"Silver Sol Tasset","61875z","Slvr Rthalos Rby",1,"Slvr Rthls Plate",1,"Slvr Rthlos Wing",1,"Slvr Rthalos Shl",2,42,2,2,0,-1,61875,"Male/Female","Blade",7,1,1,"---","Fencing",2,"Sharpness",3,"Faint",-3,"Fate",-3,,
"Silver Sol Coat","61875z","Slvr Rthalos Rby",1,"Slvr Rthls Plate",1,"Slvr Rthlos Wing",1,"Slvr Rthalos Shl",2,21,4,5,0,2,61875,"Male/Female","Gunner",7,1,1,"---","PierceSAdd",5,"Flute",2,"Health",-4,,,,
"Fatalis Wing","222222z","Fatlis Crmsn Shl",3,"Fatlis Crmsn Scl",2,"Fatalis Strg Wng",1,"Azure Rthlos Rby",1,44,0,2,-5,2,222222,"Male/Female","Blade",7,1,1,"---","Artisan",2,"All Res Up",2,"Protection",3,"PsychicVis",2,"Hunger",-2
"Fatalis Tail","222222z","Fatlis Crmsn Shl",3,"Fatlis Crmsn Scl",2,"Fatalis Strg Wng",1,"Azure Rthlos Rby",1,22,2,4,-2,4,222222,"Male/Female","Gunner",7,1,1,"---","Rapid Fire",2,"PsychicVis",1,"All Res Up",-3,"Defense",-5,,
"Battle Tasset U","19750z","Firecell Stone",2,"Splendid Beak",1,"Carbalite Ore",3,"Disk Stone",15,28,2,-2,0,-2,19750,"Male/Female","Blade",6,1,1,"---","PsychicVis",3,"Sharpness",2,"Faint",-3,"Attack",-3,,
"Battle Coat U","19750z","Firecell Stone",2,"Splendid Beak",1,"Carbalite Ore",3,"Dragon Seed",2,18,4,0,2,0,19750,"Male/Female","Gunner",6,1,1,"---","PsychicVis",3,"PierceSAdd",3,"Map",2,"Health",-3,,
"Red Borealis Haku","61875z","LaoS Heavy Shell",1,"Lao-ShanCarapace",5,"StrngGraviosWing",1,"Commendation",3,42,2,0,-4,-2,61875,"Female","Blade",7,1,1,"---","Rec Speed",3,"All Res Up",3,"PsychicVis",2,"Defense",-3,,
"Red Glyph Haku","61875z","LaoS Heavy Shell",1,"Lao-ShanCarapace",5,"StrngGraviosWing",1,"Commendation",3,21,3,2,-2,1,61875,"Female","Gunner",7,1,1,"---","Rec Speed",3,"All Res Up",2,"PsychicVis",4,"Load",-2,,
"Leather Belt*","150z",,,,,,,,,1,2,0,0,0,150,"Male/Female","Blade/Gunner",1,1,1,"---",,,,,,,,,,
"Basarios Tasset","3350z","Basarios Shell",4,"Machalite Ore",7,"Iron Ore",6,"Genprey Hide",3,16,0,2,-2,2,3350,"Male/Female","Blade",3,1,1,"---","Defense",2,"Sleep",2,"PsychicVis",3,"Protection",-2,,
"Basarios Coat","3350z","Basarios Shell",4,"Machalite Ore",7,"Iron Ore",6,"Genprey Hide",3,8,2,4,0,4,3350,"Male/Female","Gunner",3,1,1,"---","Defense",2,"Sleep",2,"PsychicVis",3,"Protection",-2,,
"Melahoa Skirt","1150z","Dosbiscus",3,"Godbug",5,"Silver Ticket",2,"Lifepowder",3,10,0,0,0,3,1150,"Male/Female","Blade/Gunner",5,1,1,"---","Gathering",4,"PsychicVis",4,"Cold Res",-3,,,,
"Bistro Apron","1150z","PlumFlynMealPass",1,"Well-Done Steak",10,"BBQ Ticket",2,"Flabby Hide",4,10,3,0,0,0,1150,"Male/Female","Blade/Gunner",5,1,1,"---","Gluttony",9,"Fishing",2,,,,,,
"Mosswine Hip","100z","Rathian Coin",1,"Bullfango Pelt",4,,,,,1,0,0,0,0,100,"Male/Female","Blade/Gunner",5,1,1,"---","Gluttony",5,"Health",2,"Hunger",-2,,,,
"Kirin Hoop","13875z","Kirin Hide",1,"Kirin Horn",2,"Rubbery Hide",2,"Electro Sac",3,21,0,4,0,0,13875,"Male/Female","Blade",5,1,1,"---","All Res Up",2,"Recovery",2,"Protection",2,"Whim",1,,
"Kirin Shorts","13875z","Kirin Hide",1,"Kirin Horn",2,"Rubbery Hide",2,"Electro Sac",3,10,2,6,0,2,13875,"Male/Female","Gunner",5,1,1,"---","All Res Up",2,"Recovery",2,"Protection",2,"Load",1,,
"Garuga Tasset","16750z","Garuga Scale",5,"Garuga Shell",5,"Garuga Wing",1,"Lg Monster Bone",1,26,2,2,0,0,16750,"Male/Female","Blade",5,1,1,"---","Sharpness",3,"Spc Attack",2,"PsychicVis",2,"SwdShrpner",-2,,
"Garuga Coat","16750z","Garuga Scale",5,"Garuga Shell",5,"Garuga Wing",1,"Lg Monster Bone",1,14,3,3,0,2,16750,"Male/Female","Gunner",5,1,1,"---","PelletS Up",2,"Health",2,"PsychicVis",2,"MixSucRate",-2,,
"Velociprey Tasset D","7750z","WhtVeloprySclPc",4,"Machalite Ore",2,"Bullfango Pelt",1,"Blk Gravios Crst",2,20,1,1,-1,1,7750,"Male/Female","Blade",3,1,1,"---","Gluttony",2,"WideEffect",2,"PsychicVis",2,"Protection",3,,
"Velociprey CoatD","7750z","WhtVeloprySclPc",4,"Machalite Ore",2,"Bullfango Pelt",1,"Blk Gravios Crst",2,10,3,3,0,3,7750,"Male/Female","Gunner",3,1,1,"---","Gluttony",2,"WideEffect",2,"PsychicVis",2,"Protection",3,,
"Kut-Ku Tasset D","1650z","Blue Kut-Ku Scl",5,"Blue Kut-Ku Shl",3,"Kelbi Hide",5,"Med Monster Bone",1,12,2,0,-1,-2,1650,"Male/Female","Blade",3,1,1,"---","Attack",4,"Health",4,"Water Res",-3,,,,
"Kut-Ku Coat D","1650z","Blue Kut-Ku Scl",5,"Blue Kut-Ku Shl",3,"Kelbi Hide",5,"Med Monster Bone",1,6,5,3,0,1,1650,"Male/Female","Gunner",3,1,1,"---","Attack",4,"Whim",2,"Health",2,"Water Res",-3,,
"Gravios Tasset D","7750z","Blk Gravios Crst",5,"Lg Monster Bone",2,"Machalite Ore",5,"Ioprey Hide",4,20,2,2,0,-2,7750,"Male/Female","Blade",3,1,1,"---","Health",2,"Heat Res",2,"Map",2,"PsychicVis",2,"Gathering",-2
"Gravios Coat D","7750z","Blk Gravios Crst",5,"Lg Monster Bone",2,"Machalite Ore",5,"Ioprey Hide",4,10,4,3,0,1,7750,"Male/Female","Gunner",3,1,1,"---","Health",2,"Heat Res",2,"Protection",2,"PsychicVis",2,,
"Basarios Tasset+","16750z","Basarios Wing",1,"Basarios Shell",4,"Dragonite Ore",6,"Earth Crystal",10,26,0,2,-2,2,16750,"Male/Female","Blade",4,1,1,"---","Defense",2,"Poison",2,"Worry",2,"PsychicVis",3,"Protection",-2
"Basarios Coat+","16750z","Basarios Wing",1,"Basarios Shell",4,"Dragonite Ore",6,"Earth Crystal",10,14,2,4,0,4,16750,"Male/Female","Gunner",4,1,1,"---","Defense",2,"Poison",2,"Worry",2,"PsychicVis",3,"Protection",-2
"Melahoa Skirt+","2850z","King Scarab",4,"Dosbiscus",4,"Gold Ticket",2,"Max Potion",2,15,0,0,0,3,2850,"Male/Female","Blade/Gunner",5,1,1,"---","Gathering",3,"PsychicVis",3,"Rec Speed",2,"Cold Res",-3,,
"Bistro Apron+","2850z","BmboFlynMealPass",1,"Gourmet Steak",10,"BBQ Ticket",2,"Flabby Hide",6,15,3,0,0,0,2850,"Male/Female","Blade/Gunner",5,1,1,"---","Gluttony",5,"Hunger",4,"Fishing",1,"Sleep",-1,,
"Mosswine Hip+","1350z","Monster Bone+",1,"Mosswine Hide",1,"Bullfango Pelt",8,,,11,0,0,0,0,1350,"Male/Female","Blade/Gunner",5,1,1,"---","Gluttony",3,"Health",3,"Hunger",-2,,,,
"Kirin Hoop+","37125z","Kirin Hide+",1,"Kirin Hide",3,"Kirin Azure Horn",2,"Electro Sac",3,31,0,4,0,0,37125,"Male/Female","Blade",5,1,1,"---","All Res Up",2,"Recovery",2,"Fate",2,"PsychicVis",3,"Cold Res",-2
"Kirin Shorts+","37125z","Kirin Hide+",1,"Kirin Hide",3,"Kirin Azure Horn",2,"Electro Sac",3,15,2,6,0,2,37125,"Male/Female","Gunner",5,1,1,"---","All Res Up",2,"Recovery",2,"Fate",2,"PsychicVis",3,"Cold Res",-2
"Kut-Ku Tasset K","10750z","BluKutKuCarapace",5,"SmlBlueKut-KuEar",1,"Dragonite Ore",3,"Lg Monster Bone",3,22,2,0,-1,-2,10750,"Male/Female","Blade",4,1,1,"---","Attack",3,"BombStrUp",2,"Spc Attack",2,"Defense",-2,,
"Kut-Ku Coat K","10750z","BluKutKuCarapace",5,"SmlBlueKut-KuEar",1,"Dragonite Ore",3,"Lg Monster Bone",3,14,5,3,0,1,10750,"Male/Female","Gunner",4,1,1,"---","Attack",3,"Spc Attack",2,"Health",-2,,,,
"Gravios Tasset K","23250z","Blk Gravios Shl",2,"Blk Gravios Crst",5,"Union Ore",3,"Iodrome Hide",2,30,2,2,0,-2,23250,"Male/Female","Blade",4,1,1,"---","Health",2,"Heat Res",3,"Flute",2,"Sharpness",2,"Gathering",-2
"Gravios Coat K","23250z","Blk Gravios Shl",2,"Blk Gravios Crst",5,"Union Ore",3,"Iodrome Hide",2,15,4,3,0,1,23250,"Male/Female","Gunner",4,1,1,"---","Health",2,"Heat Res",2,"Protection",2,"PsychicVis",2,"Gathering",-2
"Basarios Tasset S","32250z","Basrios Carapace",4,"Carbalite Ore",7,"Dragonite Ore",8,"Genprey Hide+",3,36,0,2,-2,2,32250,"Male/Female","Blade",6,1,1,"---","Defense",3,"Worry",2,"Heat Res",2,"PsychicVis",2,"Protection",-2
"Basarios Coat S","32250z","Basrios Carapace",4,"Carbalite Ore",7,"Dragonite Ore",8,"Genprey Hide+",3,19,2,4,0,4,32250,"Male/Female","Gunner",6,1,1,"---","Defense",3,"Worry",2,"PelletSAdd",2,"Protection",-2,"Load",-1
"Melahoa Skirt S","7750z","Joiner Grasshppr",4,"Dosbiscus",5,"Platinum Ticket",2,"Ancient Potion",1,20,0,0,0,3,7750,"Male/Female","Blade/Gunner",7,1,1,"---","Gathering",3,"PsychicVis",4,"Rec Speed",1,"Cold Res",-3,,
"Bistro Apron S","7750z","PineFlynMealPass",1,"Kingmeat",1,"BBQ Ticket",2,"Khezu Hide - Tan",3,20,3,0,0,0,7750,"Male/Female","Blade/Gunner",7,1,1,"---","Gluttony",3,"HiSpdGathr",4,"Sleep",-4,,,,
"Mosswine Hip S","3350z","Carbalite Ore",1,"Mosswine Hide",2,"Bullfango Pelt",4,,,16,0,0,0,0,3350,"Male/Female","Blade/Gunner",7,1,1,"---","Gluttony",5,"Health",3,"Hunger",-2,,,,
"Kirin Hoop S","59625z","SpecialKirinHide",1,"Kirin Hide+",3,"Kirin Azure Horn",2,"Thunder Sac",3,41,0,4,0,0,59625,"Male/Female","Blade",7,1,1,"---","All Res Up",2,"Recovery",2,"Artisan",2,"PsychicVis",2,"Cold Res",-2
"Kirin Shorts S","59625z","SpecialKirinHide",1,"Kirin Hide+",3,"Kirin Azure Horn",2,"Thunder Sac",3,21,2,6,0,2,59625,"Male/Female","Gunner",7,1,1,"---","All Res Up",2,"Recovery",2,"PierceS Up",2,"PsychicVis",2,"Cold Res",-2
"Garuga Tasset S","32250z","Garuga Carapace",5,"StrongGarugaWing",1,"Garuga Shell",5,"Hrd Monster Bone",1,36,2,2,0,0,32250,"Male/Female","Blade",7,1,1,"---","Sharpness",3,"HearProtct",2,"PsychicVis",2,"Recovery",-2,,
"Garuga Coat S","32250z","Garuga Carapace",5,"StrongGarugaWing",1,"Garuga Shell",5,"Hrd Monster Bone",1,19,3,3,0,2,32250,"Male/Female","Gunner",7,1,1,"---","NormalS Up",2,"Spc Attack",2,"PsychicVis",2,"MixSucRate",-2,,
"Chain Belt U","4150z","Rainbow Ore",2,"Carbalite Ore",2,"Earth Crystal",20,"Rubbery Hide",2,17,2,-2,0,2,4150,"Male/Female","Blade/Gunner",6,1,1,"---","Gathering",5,"Protection",2,"Artisan",2,"PsychicVis",2,,
"Vespoid Tasset U","23250z","Rainbow Insect",2,"Vspoid Razorwing",3,"Vespoid Carapace",4,"Fire Stone",1,30,-6,2,2,-5,23250,"Male/Female","Blade",6,1,1,"---","Poison",2,"Wide Rec",2,"Sleep",1,"Whim",-3,,
"Vespoid Coat U","23250z","Rainbow Insect",2,"Vspoid Razorwing",3,"Vespoid Carapace",4,"Fire Stone",1,16,-5,5,2,-4,23250,"Male/Female","Gunner",6,1,1,"---","Poison",2,"Recovery",2,"Sleep",1,"Whim",-3,,
"Hornet Tasset U","23250z","Rainbow Insect",2,"Hornet Razorwing",3,"Hornet Carapace",3,"Nova Crystal",1,30,-6,-5,2,-1,23250,"Male/Female","Blade",6,1,1,"---","Fate",2,"Guard",2,"Dragon Res",2,"PsychicVis",3,"Worry",-2
"Hornet Coat U","23250z","Rainbow Insect",2,"Hornet Razorwing",3,"Hornet Carapace",3,"Nova Crystal",1,15,-5,-3,3,2,23250,"Male/Female","Gunner",6,1,1,"---","Fate",2,"Health",2,"Dragon Res",2,"PsychicVis",3,"Worry",-2
"Shinobi Belt (Sky)","61875z","Rainbow Ore",2,"Fatalis Strg Wng",1,"Guild Ticket",1,"Azre Rthlos Scl+",2,20,0,2,1,-6,61875,"Male/Female","Blade/Gunner",7,1,1,"---","PsychicVis",3,"Hunger",2,"Spc Attack",2,"Whim",-2,,
"Shinobi Belt (Sea)","61875z","Rainbow Ore",2,"Fatalis Strg Wng",1,"Guild Ticket",1,"Azre Rthlos Scl+",2,20,2,4,2,-5,61875,"Male/Female","Blade/Gunner",7,1,1,"---","PsychicVis",3,"Hunger",2,"Spc Attack",2,"Whim",-2,,
"Genprey Tasset U","24750z","Rainbow Insect",2,"Genprey Scale+",6,"Genprey Hide+",9,"Joiner Grasshppr",3,31,2,3,-1,-2,24750,"Male/Female","Blade",6,1,1,"---","Paralysis",3,"SwdShrpner",2,"Protection",2,"Recovery",-2,,
"Genprey Coat U","24750z","Rainbow Insect",2,"Genprey Scale+",6,"Genprey Hide+",9,"Joiner Grasshppr",3,19,4,5,0,0,24750,"Male/Female","Gunner",6,1,1,"---","Paralysis",3,"PelletS Up",2,"PsychicVis",2,"Load",-2,,
"Ioprey Tasset U","27750z","Rainbow Insect",3,"Ioprey Scale+",6,"Flabby Hide",3,"Blk Gravios Shl",4,33,3,-2,-1,2,27750,"Male/Female","Blade",6,1,1,"---","Poison",2,"Health",2,"BombStrUp",3,"PsychicVis",2,"Whim",-2
"Ioprey Coat U","27750z","Rainbow Insect",3,"Ioprey Scale+",6,"Flabby Hide",3,"Blk Gravios Shl",4,19,5,0,0,4,27750,"Male/Female","Gunner",6,1,1,"---","Poison",2,"BmbShotAdd",2,"PsychicVis",2,"Health",-1,,
"Steel Belt U","26250z","Rainbow Ore",3,"Pure Crystal",1,"Nova Crystal",2,"Rubbery Hide+",2,32,2,-2,0,2,26250,"Male/Female","Blade",6,1,1,"---","MixSucRate",4,"PsychicVis",4,"Defense",-3,,,,
"Basarios Tasset U","32250z","Basrios Carapace",4,"Carbalite Ore",7,"Basarios Wing",1,"Machalite Ore",20,36,0,2,-2,2,32250,"Male/Female","Blade",6,1,1,"---","Defense",2,"Sleep",2,"Guard",2,"PsychicVis",2,"Protection",-2
"Basarios Coat U","32250z","Basrios Carapace",4,"Carbalite Ore",7,"Basarios Wing",1,"Machalite Ore",20,19,2,4,0,4,32250,"Male/Female","Gunner",6,1,1,"---","Defense",2,"Shot Mix",2,"PierceSAdd",2,"Protection",-2,"Load",-1
