#スキル系統,最小,最大
聴覚保護,1,5
風圧,1,5
寒冷適応,1,5
炎熱適応,1,5
狂撃耐性,1,5
細菌学,1,8
属性耐性,1,5
火属性攻撃,1,7
水属性攻撃,1,7
雷属性攻撃,1,7
氷属性攻撃,1,7
龍属性攻撃,1,7
属性攻撃,1,5
特殊攻撃,1,6
斬れ味,1,5
剣術,1,5
鈍器,1,6
納刀,1,6
納刀研磨,1,6
装填速度,1,6
反動,1,5
通常弾強化,1,5
貫通弾強化,1,5
散弾強化,1,5
重撃弾強化,1,5
射法,1,3
弾薬節約,1,5
痛撃,1,5
特殊会心,1,5
属性会心,1,5
溜め短縮,1,5
スタミナ,1,5
体術,1,6
気力回復,1,6
回避性能,1,6
回避距離,1,6
ガード性能,1,6
ガード強化,1,6
KO,1,6
減気攻撃,1,6
重撃,1,5
本気,1,6
底力,1,6
逆上,1,5
窮地,1,5
采配,1,7
号令,1,7
跳躍,1,5
我慢,1,5
ＳＰ延長,1,6
加護,1,7
回復量,1,6
食事,1,5
節食,1,5
肉食,1,5
護石王,1,7
